<?xml version="1.0" encoding="utf-8"?>
<!-- Three 911 Calls -->
<Configuration>
	<Objects>
		<!-- nine11Call -->
		<Object type="InformationItemType911Call">
			<SubType>nine11Call</SubType>
			<Division>EMS</Division>
			<Announcement type="true">0</Announcement>
			<Detectable>true</Detectable>
			<UsesGVA>true</UsesGVA>
			<PredeterminedImportance type="NumericalFieldStatusValid">0.0</PredeterminedImportance>
			<RequiresClassification type="false"></RequiresClassification>
			<LocationX type="NumericalFieldStatusValid">36.165293</LocationX>
			<LocationY type="NumericalFieldStatusValid">-86.781522</LocationY>
			<LocationZ type="NumericalFieldStatusValid">0</LocationZ>
			<Heading>HeadingUnknown</Heading>
			<Velocity type="NumericalFieldStatusValid">0</Velocity>
			<GroupingId>2000</GroupingId>
			<GroupingColor>#FFFF00</GroupingColor>
			<ImageFile>images/911call.png</ImageFile>
			<TimeReported type="NumericalFieldStatusValid">0</TimeReported>
			<ReportedLocationX type="NumericalFieldStatusValid">36.165293</ReportedLocationX>
			<ReportedLocationY type="NumericalFieldStatusValid">-86.781522</ReportedLocationY>
			<ReportedLocationZ type="NumericalFieldStatusValid">0</ReportedLocationZ>
			<Content>911 Call 1</Content>
			<Title>911 Call 1</Title>
			<Details0>Details, line 1</Details0>
			<Details1>Details, line 2</Details1>
			<Details2>Details, line 3</Details2>
			<Details3>Details, line 4</Details3>
			<Time type="NumericalFieldStatusValid">10000</Time>
		</Object>  
		
		<!-- nine11Call -->
		<Object type="InformationItemType911Call">
			<SubType>nine11Call</SubType>
			<Division>HAZMAT</Division>
			<Announcement type="true">0</Announcement>
			<Detectable>true</Detectable>
			<UsesGVA>true</UsesGVA>
			<PredeterminedImportance type="NumericalFieldStatusValid">0.0</PredeterminedImportance>
			<RequiresClassification type="false"></RequiresClassification>
			<LocationX type="NumericalFieldStatusValid">36.165293</LocationX>
			<LocationY type="NumericalFieldStatusValid">-86.782022</LocationY>
			<LocationZ type="NumericalFieldStatusValid">0</LocationZ>
			<Heading>HeadingUnknown</Heading>
			<Velocity type="NumericalFieldStatusValid">0</Velocity>
			<GroupingId>2000</GroupingId>
			<GroupingColor>#FFFF00</GroupingColor>
			<ImageFile>images/911call.png</ImageFile>
			<TimeReported type="NumericalFieldStatusValid">0</TimeReported>
			<ReportedLocationX type="NumericalFieldStatusValid">36.165293</ReportedLocationX>
			<ReportedLocationY type="NumericalFieldStatusValid">-86.782022</ReportedLocationY>
			<ReportedLocationZ type="NumericalFieldStatusValid">0</ReportedLocationZ>
			<Content>911 Call 2</Content>
			<Title>911 Call 2</Title>
			<Details0>Details, line 1</Details0>
			<Details1>Details, line 2</Details1>
			<Details2>Details, line 3</Details2>
			<Details3>Details, line 4</Details3>
			<Time type="NumericalFieldStatusValid">11000</Time>
		</Object>  
		
		<!-- nine11Call -->
		<Object type="InformationItemType911Call">
			<SubType>nine11Call</SubType>
			<Division>POLICE</Division>
			<Announcement type="true">0</Announcement>
			<Detectable>true</Detectable>
			<UsesGVA>true</UsesGVA>
			<PredeterminedImportance type="NumericalFieldStatusValid">0.0</PredeterminedImportance>
			<RequiresClassification type="false"></RequiresClassification>
			<LocationX type="NumericalFieldStatusValid">36.165293</LocationX>
			<LocationY type="NumericalFieldStatusValid">-86.782522</LocationY>
			<LocationZ type="NumericalFieldStatusValid">0</LocationZ>
			<Heading>HeadingUnknown</Heading>
			<Velocity type="NumericalFieldStatusValid">0</Velocity>
			<GroupingId>2000</GroupingId>
			<GroupingColor>#FFFF00</GroupingColor>
			<ImageFile>images/911call.png</ImageFile>
			<TimeReported type="NumericalFieldStatusValid">0</TimeReported>
			<ReportedLocationX type="NumericalFieldStatusValid">36.165293</ReportedLocationX>
			<ReportedLocationY type="NumericalFieldStatusValid">-86.782522</ReportedLocationY>
			<ReportedLocationZ type="NumericalFieldStatusValid">0</ReportedLocationZ>
			<Content>911 Call 3</Content>
			<Title>911 Call 3</Title>
			<Details0>Details, line 1</Details0>
			<Details1>Details, line 2</Details1>
			<Details2>Details, line 3</Details2>
			<Details3>Details, line 4</Details3>
			<Time type="NumericalFieldStatusValid">12000</Time>
		</Object>   
		
		<!-- nine11Call -->
		<Object type="InformationItemType911Call">
			<SubType>nine11Call</SubType>
			<Division>POLICE</Division>
			<Announcement type="true">0</Announcement>
			<Detectable>true</Detectable>
			<UsesGVA>true</UsesGVA>
			<PredeterminedImportance type="NumericalFieldStatusValid">0.0</PredeterminedImportance>
			<RequiresClassification type="false"></RequiresClassification>
			<LocationX type="NumericalFieldStatusValid">36.165793</LocationX>
			<LocationY type="NumericalFieldStatusValid">-86.782022</LocationY>
			<LocationZ type="NumericalFieldStatusValid">0</LocationZ>
			<Heading>HeadingUnknown</Heading>
			<Velocity type="NumericalFieldStatusValid">0</Velocity>
			<GroupingId>2000</GroupingId>
			<GroupingColor>#FFFF00</GroupingColor>
			<ImageFile>images/911call.png</ImageFile>
			<TimeReported type="NumericalFieldStatusValid">0</TimeReported>
			<ReportedLocationX type="NumericalFieldStatusValid">36.165793</ReportedLocationX>
			<ReportedLocationY type="NumericalFieldStatusValid">-86.782022</ReportedLocationY>
			<ReportedLocationZ type="NumericalFieldStatusValid">0</ReportedLocationZ>
			<Content>911 Call 4</Content>
			<Title>911 Call 4</Title>
			<Details0>Details, line 1</Details0>
			<Details1>Details, line 2</Details1>
			<Details2>Details, line 3</Details2>
			<Details3>Details, line 4</Details3>
			<Time type="NumericalFieldStatusValid">13000</Time>
		</Object> 
		
		
		<!-- victimTL1 -->
		<Object type="HumanTypeVictim">
			<SubType>victimTL1</SubType>
			<Division>EMS</Division>
			<Announcement type="true">0</Announcement>
			<Detectable>true</Detectable>
			<UsesGVA>true</UsesGVA>
			<PredeterminedImportance type="NumericalFieldStatusValid">0.0</PredeterminedImportance>
			<RequiresClassification type="false"></RequiresClassification>
			<LocationX type="NumericalFieldStatusValid">36.165793</LocationX>
			<LocationY type="NumericalFieldStatusValid">-86.781022</LocationY>
			<LocationZ type="NumericalFieldStatusValid">0</LocationZ>
			<Heading>HeadingUnknown</Heading>
			<Velocity type="NumericalFieldStatusValid">0</Velocity>
			<GroupingId>1101</GroupingId>
			<GroupingColor>#FF0000</GroupingColor>
			<ImageFile>images/victimtriagelevel1.png</ImageFile>
			<TimeReported type="NumericalFieldStatusValid">0</TimeReported>
			<ReportedLocationX type="NumericalFieldStatusValid">36.165793</ReportedLocationX>
			<ReportedLocationY type="NumericalFieldStatusValid">-86.781022</ReportedLocationY>
			<ReportedLocationZ type="NumericalFieldStatusValid">0</ReportedLocationZ>
			<Content>Ambulatory Victim, Triage Level 1 (1)</Content>
			<Title>Ambulatory Victim, Triage Level 1 (1)</Title>
			<Details0>Details, line 1</Details0>
			<Details1>Details, line 2</Details1>
			<Details2>Details, line 3</Details2>
			<Details3>Details, line 4</Details3>
			<Time type="NumericalFieldStatusValid">10666</Time>
		</Object>  
		
		
		<!-- victimTL1 -->
		<Object type="HumanTypeVictim">
			<SubType>victimTL1</SubType>
			<Division>EMS</Division>
			<Announcement type="true">0</Announcement>
			<Detectable>true</Detectable>
			<UsesGVA>true</UsesGVA>
			<PredeterminedImportance type="NumericalFieldStatusValid">0.0</PredeterminedImportance>
			<RequiresClassification type="false"></RequiresClassification>
			<LocationX type="NumericalFieldStatusValid">36.166293</LocationX>
			<LocationY type="NumericalFieldStatusValid">-86.781022</LocationY>
			<LocationZ type="NumericalFieldStatusValid">0</LocationZ>
			<Heading>HeadingUnknown</Heading>
			<Velocity type="NumericalFieldStatusValid">0</Velocity>
			<GroupingId>1101</GroupingId>
			<GroupingColor>#FF0000</GroupingColor>
			<ImageFile>images/victimtriagelevel1.png</ImageFile>
			<TimeReported type="NumericalFieldStatusValid">0</TimeReported>
			<ReportedLocationX type="NumericalFieldStatusValid">36.166293</ReportedLocationX>
			<ReportedLocationY type="NumericalFieldStatusValid">-86.781022</ReportedLocationY>
			<ReportedLocationZ type="NumericalFieldStatusValid">0</ReportedLocationZ>
			<Content>Ambulatory Victim, Triage Level 1 (2)</Content>
			<Title>Ambulatory Victim, Triage Level 1 (2)</Title>
			<Details0>Details, line 1</Details0>
			<Details1>Details, line 2</Details1>
			<Details2>Details, line 3</Details2>
			<Details3>Details, line 4</Details3>
			<Time type="NumericalFieldStatusValid">11666</Time>
		</Object>  
		
		
		<!-- victimTL1 -->
		<Object type="HumanTypeVictim">
			<SubType>victimTL1</SubType>
			<Division>EMS</Division>
			<Announcement type="true">0</Announcement>
			<Detectable>true</Detectable>
			<UsesGVA>true</UsesGVA>
			<PredeterminedImportance type="NumericalFieldStatusValid">0.0</PredeterminedImportance>
			<RequiresClassification type="false"></RequiresClassification>
			<LocationX type="NumericalFieldStatusValid">36.165293</LocationX>
			<LocationY type="NumericalFieldStatusValid">-86.781022</LocationY>
			<LocationZ type="NumericalFieldStatusValid">0</LocationZ>
			<Heading>HeadingUnknown</Heading>
			<Velocity type="NumericalFieldStatusValid">0</Velocity>
			<GroupingId>1101</GroupingId>
			<GroupingColor>#FF0000</GroupingColor>
			<ImageFile>images/victimtriagelevel1.png</ImageFile>
			<TimeReported type="NumericalFieldStatusValid">0</TimeReported>
			<ReportedLocationX type="NumericalFieldStatusValid">36.165293</ReportedLocationX>
			<ReportedLocationY type="NumericalFieldStatusValid">-86.781022</ReportedLocationY>
			<ReportedLocationZ type="NumericalFieldStatusValid">0</ReportedLocationZ>
			<Content>Ambulatory Victim, Triage Level 1 (3)</Content>
			<Title>Ambulatory Victim, Triage Level 1 (3)</Title>
			<Details0>Details, line 1</Details0>
			<Details1>Details, line 2</Details1>
			<Details2>Details, line 3</Details2>
			<Details3>Details, line 4</Details3>
			<Time type="NumericalFieldStatusValid">12666</Time>
		</Object>  
		
		
		<!-- victimTL1 -->
		<Object type="HumanTypeVictim">
			<SubType>victimTL1</SubType>
			<Division>EMS</Division>
			<Announcement type="true">0</Announcement>
			<Detectable>true</Detectable>
			<UsesGVA>true</UsesGVA>
			<PredeterminedImportance type="NumericalFieldStatusValid">0.0</PredeterminedImportance>
			<RequiresClassification type="false"></RequiresClassification>
			<LocationX type="NumericalFieldStatusValid">36.165343</LocationX>
			<LocationY type="NumericalFieldStatusValid">-86.780522</LocationY>
			<LocationZ type="NumericalFieldStatusValid">0</LocationZ>
			<Heading>HeadingUnknown</Heading>
			<Velocity type="NumericalFieldStatusValid">0</Velocity>
			<GroupingId>1101</GroupingId>
			<GroupingColor>#FF0000</GroupingColor>
			<ImageFile>images/victimtriagelevel1.png</ImageFile>
			<TimeReported type="NumericalFieldStatusValid">0</TimeReported>
			<ReportedLocationX type="NumericalFieldStatusValid">36.165343</ReportedLocationX>
			<ReportedLocationY type="NumericalFieldStatusValid">-86.781022</ReportedLocationY>
			<ReportedLocationZ type="NumericalFieldStatusValid">0</ReportedLocationZ>
			<Content>Ambulatory Victim, Triage Level 1 (4)</Content>
			<Title>Ambulatory Victim, Triage Level 1 (4)</Title>
			<Details0>Details, line 1</Details0>
			<Details1>Details, line 2</Details1>
			<Details2>Details, line 3</Details2>
			<Details3>Details, line 4</Details3>
			<Time type="NumericalFieldStatusValid">13666</Time>
		</Object>

		<!-- victimTL2 -->
		<Object type="HumanTypeVictim">
			<SubType>victimTL2</SubType>
			<Division>EMS</Division>
			<Announcement type="true">0</Announcement>
			<Detectable>true</Detectable>
			<UsesGVA>true</UsesGVA>
			<PredeterminedImportance type="NumericalFieldStatusValid">0.0</PredeterminedImportance>
			<RequiresClassification type="false"></RequiresClassification>
			<LocationX type="NumericalFieldStatusValid">36.166293</LocationX>
			<LocationY type="NumericalFieldStatusValid">-86.780522</LocationY>
			<LocationZ type="NumericalFieldStatusValid">0</LocationZ>
			<Heading>HeadingUnknown</Heading>
			<Velocity type="NumericalFieldStatusValid">0</Velocity>
			<GroupingId>1102</GroupingId>
			<GroupingColor>#F5B800</GroupingColor>
			<ImageFile>images/victimtriagelevel2.png</ImageFile>
			<TimeReported type="NumericalFieldStatusValid">0</TimeReported>
			<ReportedLocationX type="NumericalFieldStatusValid">36.166293</ReportedLocationX>
			<ReportedLocationY type="NumericalFieldStatusValid">-86.780522</ReportedLocationY>
			<ReportedLocationZ type="NumericalFieldStatusValid">0</ReportedLocationZ>
			<Content>Ambulatory Victim, Triage Level 2 (1)</Content>
			<Title>Ambulatory Victim, Triage Level 2 (1)</Title>
			<Details0>Details, line 1</Details0>
			<Details1>Details, line 2</Details1>
			<Details2>Details, line 3</Details2>
			<Details3>Details, line 4</Details3>
			<Time type="NumericalFieldStatusValid">10333</Time>
		</Object>	

		<!-- victimTL2 -->
		<Object type="HumanTypeVictim">
			<SubType>victimTL2</SubType>
			<Division>EMS</Division>
			<Announcement type="true">0</Announcement>
			<Detectable>true</Detectable>
			<UsesGVA>true</UsesGVA>
			<PredeterminedImportance type="NumericalFieldStatusValid">0.0</PredeterminedImportance>
			<RequiresClassification type="false"></RequiresClassification>
			<LocationX type="NumericalFieldStatusValid">36.166793</LocationX>
			<LocationY type="NumericalFieldStatusValid">-86.780522</LocationY>
			<LocationZ type="NumericalFieldStatusValid">0</LocationZ>
			<Heading>HeadingUnknown</Heading>
			<Velocity type="NumericalFieldStatusValid">0</Velocity>
			<GroupingId>1102</GroupingId>
			<GroupingColor>#F5B800</GroupingColor>
			<ImageFile>images/victimtriagelevel2.png</ImageFile>
			<TimeReported type="NumericalFieldStatusValid">0</TimeReported>
			<ReportedLocationX type="NumericalFieldStatusValid">36.166793</ReportedLocationX>
			<ReportedLocationY type="NumericalFieldStatusValid">-86.780522</ReportedLocationY>
			<ReportedLocationZ type="NumericalFieldStatusValid">0</ReportedLocationZ>
			<Content>Ambulatory Victim, Triage Level 2 (2)</Content>
			<Title>Ambulatory Victim, Triage Level 2 (2)</Title>
			<Details0>Details, line 1</Details0>
			<Details1>Details, line 2</Details1>
			<Details2>Details, line 3</Details2>
			<Details3>Details, line 4</Details3>
			<Time type="NumericalFieldStatusValid">11333</Time>
		</Object>

		<!-- victimTL2 -->
		<Object type="HumanTypeVictim">
			<SubType>victimTL2</SubType>
			<Division>EMS</Division>
			<Announcement type="true">0</Announcement>
			<Detectable>true</Detectable>
			<UsesGVA>true</UsesGVA>
			<PredeterminedImportance type="NumericalFieldStatusValid">0.0</PredeterminedImportance>
			<RequiresClassification type="false"></RequiresClassification>
			<LocationX type="NumericalFieldStatusValid">36.165793</LocationX>
			<LocationY type="NumericalFieldStatusValid">-86.780522</LocationY>
			<LocationZ type="NumericalFieldStatusValid">0</LocationZ>
			<Heading>HeadingUnknown</Heading>
			<Velocity type="NumericalFieldStatusValid">0</Velocity>
			<GroupingId>1102</GroupingId>
			<GroupingColor>#F5B800</GroupingColor>
			<ImageFile>images/victimtriagelevel2.png</ImageFile>
			<TimeReported type="NumericalFieldStatusValid">0</TimeReported>
			<ReportedLocationX type="NumericalFieldStatusValid">36.165793</ReportedLocationX>
			<ReportedLocationY type="NumericalFieldStatusValid">-86.780522</ReportedLocationY>
			<ReportedLocationZ type="NumericalFieldStatusValid">0</ReportedLocationZ>
			<Content>Ambulatory Victim, Triage Level 2 (3)</Content>
			<Title>Ambulatory Victim, Triage Level 2 (3)</Title>
			<Details0>Details, line 1</Details0>
			<Details1>Details, line 2</Details1>
			<Details2>Details, line 3</Details2>
			<Details3>Details, line 4</Details3>
			<Time type="NumericalFieldStatusValid">12333</Time>
		</Object>	

		<!-- victimTL2 -->
		<Object type="HumanTypeVictim">
			<SubType>victimTL2</SubType>
			<Division>EMS</Division>
			<Announcement type="true">0</Announcement>
			<Detectable>true</Detectable>
			<UsesGVA>true</UsesGVA>
			<PredeterminedImportance type="NumericalFieldStatusValid">0.0</PredeterminedImportance>
			<RequiresClassification type="false"></RequiresClassification>
			<LocationX type="NumericalFieldStatusValid">36.165793</LocationX>
			<LocationY type="NumericalFieldStatusValid">-86.780022</LocationY>
			<LocationZ type="NumericalFieldStatusValid">0</LocationZ>
			<Heading>HeadingUnknown</Heading>
			<Velocity type="NumericalFieldStatusValid">0</Velocity>
			<GroupingId>1102</GroupingId>
			<GroupingColor>#F5B800</GroupingColor>
			<ImageFile>images/victimtriagelevel2.png</ImageFile>
			<TimeReported type="NumericalFieldStatusValid">0</TimeReported>
			<ReportedLocationX type="NumericalFieldStatusValid">36.165793</ReportedLocationX>
			<ReportedLocationY type="NumericalFieldStatusValid">-86.780022</ReportedLocationY>
			<ReportedLocationZ type="NumericalFieldStatusValid">0</ReportedLocationZ>
			<Content>Ambulatory Victim, Triage Level 2 (4)</Content>
			<Title>Ambulatory Victim, Triage Level 2 (4)</Title>
			<Details0>Details, line 1</Details0>
			<Details1>Details, line 2</Details1>
			<Details2>Details, line 3</Details2>
			<Details3>Details, line 4</Details3>
			<Time type="NumericalFieldStatusValid">13333</Time>
		</Object>	
		
		<!-- gasHazardDivTox -->
		<Object type="HazardTypeGasHazard">
			<SubType>gasHazardDivTox</SubType>
			<Division>HAZMAT</Division>
			<Announcement type="true">0</Announcement>
			<Detectable>true</Detectable>
			<UsesGVA>true</UsesGVA>
			<PredeterminedImportance type="NumericalFieldStatusValid">0.0</PredeterminedImportance>
			<RequiresClassification type="false"></RequiresClassification>
			<LocationX type="NumericalFieldStatusValid">36.165077</LocationX>
			<LocationY type="NumericalFieldStatusValid">-86.77985</LocationY>
			<LocationZ type="NumericalFieldStatusValid">0</LocationZ>
			<Heading>HeadingUnknown</Heading>
			<Velocity type="NumericalFieldStatusValid">0</Velocity>
			<GroupingId>5002</GroupingId>
			<GroupingColor>#FFFF00</GroupingColor>
			<ImageFile>images/gas-toxic.png</ImageFile>
			<TimeReported type="NumericalFieldStatusValid">0</TimeReported>
			<ReportedLocationX type="NumericalFieldStatusValid">36.165077</ReportedLocationX>
			<ReportedLocationY type="NumericalFieldStatusValid">-86.77985</ReportedLocationY>
			<ReportedLocationZ type="NumericalFieldStatusValid">0</ReportedLocationZ>
			<Content>Toxic Gas 1</Content>
			<Title>Suspicious Object</Title>
			<Details0>Details, line 1</Details0>
			<Details1>Details, line 2</Details1>
			<Details2>Details, line 3</Details2>
			<Details3>Details, line 4</Details3>
			<Time type="NumericalFieldStatusValid">10025</Time>
		</Object>	
		
		<!-- gasHazardDivTox -->
		<Object type="HazardTypeGasHazard">
			<SubType>gasHazardDivTox</SubType>
			<Division>HAZMAT</Division>
			<Announcement type="true">0</Announcement>
			<Detectable>true</Detectable>
			<UsesGVA>true</UsesGVA>
			<PredeterminedImportance type="NumericalFieldStatusValid">0.0</PredeterminedImportance>
			<RequiresClassification type="false"></RequiresClassification>
			<LocationX type="NumericalFieldStatusValid">36.164644</LocationX>
			<LocationY type="NumericalFieldStatusValid">-86.778778</LocationY>
			<LocationZ type="NumericalFieldStatusValid">0</LocationZ>
			<Heading>HeadingUnknown</Heading>
			<Velocity type="NumericalFieldStatusValid">0</Velocity>
			<GroupingId>5002</GroupingId>
			<GroupingColor>#FFFF00</GroupingColor>
			<ImageFile>images/gas-toxic.png</ImageFile>
			<TimeReported type="NumericalFieldStatusValid">0</TimeReported>
			<ReportedLocationX type="NumericalFieldStatusValid">36.164644</ReportedLocationX>
			<ReportedLocationY type="NumericalFieldStatusValid">-86.778778</ReportedLocationY>
			<ReportedLocationZ type="NumericalFieldStatusValid">0</ReportedLocationZ>
			<Content>Toxic Gas 2</Content>
			<Title>Toxic Gas 2</Title>
			<Details0>Details, line 1</Details0>
			<Details1>Details, line 2</Details1>
			<Details2>Details, line 3</Details2>
			<Details3>Details, line 4</Details3>
			<Time type="NumericalFieldStatusValid">11025</Time>
		</Object>	
		
		<!-- gasHazardDivTox -->
		<Object type="HazardTypeGasHazard">
			<SubType>gasHazardDivTox</SubType>
			<Division>HAZMAT</Division>
			<Announcement type="true">0</Announcement>
			<Detectable>true</Detectable>
			<UsesGVA>true</UsesGVA>
			<PredeterminedImportance type="NumericalFieldStatusValid">0.0</PredeterminedImportance>
			<RequiresClassification type="false"></RequiresClassification>
			<LocationX type="NumericalFieldStatusValid">36.163708</LocationX>
			<LocationY type="NumericalFieldStatusValid">-86.778906</LocationY>
			<LocationZ type="NumericalFieldStatusValid">0</LocationZ>
			<Heading>HeadingUnknown</Heading>
			<Velocity type="NumericalFieldStatusValid">0</Velocity>
			<GroupingId>5002</GroupingId>
			<GroupingColor>#FFFF00</GroupingColor>
			<ImageFile>images/gas-toxic.png</ImageFile>
			<TimeReported type="NumericalFieldStatusValid">0</TimeReported>
			<ReportedLocationX type="NumericalFieldStatusValid">36.163708</ReportedLocationX>
			<ReportedLocationY type="NumericalFieldStatusValid">-86.778906</ReportedLocationY>
			<ReportedLocationZ type="NumericalFieldStatusValid">0</ReportedLocationZ>
			<Content>Toxic Gas 3</Content>
			<Title>Toxic Gas 3</Title>
			<Details0>Details, line 1</Details0>
			<Details1>Details, line 2</Details1>
			<Details2>Details, line 3</Details2>
			<Details3>Details, line 4</Details3>
			<Time type="NumericalFieldStatusValid">12025</Time>
		</Object>	
		
		<!-- gasHazardDivTox -->
		<Object type="HazardTypeGasHazard">
			<SubType>gasHazardDivTox</SubType>
			<Division>HAZMAT</Division>
			<Announcement type="true">0</Announcement>
			<Detectable>true</Detectable>
			<UsesGVA>true</UsesGVA>
			<PredeterminedImportance type="NumericalFieldStatusValid">0.0</PredeterminedImportance>
			<RequiresClassification type="false"></RequiresClassification>
			<LocationX type="NumericalFieldStatusValid">36.163552</LocationX>
			<LocationY type="NumericalFieldStatusValid">-86.780129</LocationY>
			<LocationZ type="NumericalFieldStatusValid">0</LocationZ>
			<Heading>HeadingUnknown</Heading>
			<Velocity type="NumericalFieldStatusValid">0</Velocity>
			<GroupingId>5002</GroupingId>
			<GroupingColor>#FFFF00</GroupingColor>
			<ImageFile>images/gas-toxic.png</ImageFile>
			<TimeReported type="NumericalFieldStatusValid">0</TimeReported>
			<ReportedLocationX type="NumericalFieldStatusValid">36.163552</ReportedLocationX>
			<ReportedLocationY type="NumericalFieldStatusValid">-86.780129</ReportedLocationY>
			<ReportedLocationZ type="NumericalFieldStatusValid">0</ReportedLocationZ>
			<Content>Toxic Gas 4</Content>
			<Title>Toxic Gas 4</Title>
			<Details0>Details, line 1</Details0>
			<Details1>Details, line 2</Details1>
			<Details2>Details, line 3</Details2>
			<Details3>Details, line 4</Details3>
			<Time type="NumericalFieldStatusValid">13025</Time>
		</Object>	
		
		<!-- gasHazardDivTox -->
		<Object type="HazardTypeGasHazard">
			<SubType>gasHazardDivTox</SubType>
			<Division>HAZMAT</Division>
			<Announcement type="true">0</Announcement>
			<Detectable>true</Detectable>
			<UsesGVA>true</UsesGVA>
			<PredeterminedImportance type="NumericalFieldStatusValid">0.0</PredeterminedImportance>
			<RequiresClassification type="false"></RequiresClassification>
			<LocationX type="NumericalFieldStatusValid">36.164523</LocationX>
			<LocationY type="NumericalFieldStatusValid">-86.780666</LocationY>
			<LocationZ type="NumericalFieldStatusValid">0</LocationZ>
			<Heading>HeadingUnknown</Heading>
			<Velocity type="NumericalFieldStatusValid">0</Velocity>
			<GroupingId>5002</GroupingId>
			<GroupingColor>#FFFF00</GroupingColor>
			<ImageFile>images/gas-toxic.png</ImageFile>
			<TimeReported type="NumericalFieldStatusValid">0</TimeReported>
			<ReportedLocationX type="NumericalFieldStatusValid">36.164523</ReportedLocationX>
			<ReportedLocationY type="NumericalFieldStatusValid">-86.780666</ReportedLocationY>
			<ReportedLocationZ type="NumericalFieldStatusValid">0</ReportedLocationZ>
			<Content>Toxic Gas 5</Content>
			<Title>Toxic Gas 5</Title>
			<Details0>Details, line 1</Details0>
			<Details1>Details, line 2</Details1>
			<Details2>Details, line 3</Details2>
			<Details3>Details, line 4</Details3>
			<Time type="NumericalFieldStatusValid">14025</Time>
		</Object>	
		
		<!-- gasHazardDivTox -->
		<Object type="HazardTypeGasHazard">
			<SubType>gasHazardDivTox</SubType>
			<Division>HAZMAT</Division>
			<Announcement type="true">0</Announcement>
			<Detectable>true</Detectable>
			<UsesGVA>true</UsesGVA>
			<PredeterminedImportance type="NumericalFieldStatusValid">0.0</PredeterminedImportance>
			<RequiresClassification type="false"></RequiresClassification>
			<LocationX type="NumericalFieldStatusValid">36.164577</LocationX>
			<LocationY type="NumericalFieldStatusValid">-86.780666</LocationY>
			<LocationZ type="NumericalFieldStatusValid">0</LocationZ>
			<Heading>HeadingUnknown</Heading>
			<Velocity type="NumericalFieldStatusValid">0</Velocity>
			<GroupingId>5002</GroupingId>
			<GroupingColor>#FFFF00</GroupingColor>
			<ImageFile>images/gas-toxic.png</ImageFile>
			<TimeReported type="NumericalFieldStatusValid">0</TimeReported>
			<ReportedLocationX type="NumericalFieldStatusValid">36.164577</ReportedLocationX>
			<ReportedLocationY type="NumericalFieldStatusValid">-86.780666</ReportedLocationY>
			<ReportedLocationZ type="NumericalFieldStatusValid">0</ReportedLocationZ>
			<Content>Toxic Gas 6</Content>
			<Title>Toxic Gas 6</Title>
			<Details0>Details, line 1</Details0>
			<Details1>Details, line 2</Details1>
			<Details2>Details, line 3</Details2>
			<Details3>Details, line 4</Details3>
			<Time type="NumericalFieldStatusValid">20025</Time>
		</Object>	
		
		<!-- gasHazardDivTox -->
		<Object type="HazardTypeGasHazard">
			<SubType>gasHazardDivTox</SubType>
			<Division>HAZMAT</Division>
			<Announcement type="true">0</Announcement>
			<Detectable>true</Detectable>
			<UsesGVA>true</UsesGVA>
			<PredeterminedImportance type="NumericalFieldStatusValid">0.0</PredeterminedImportance>
			<RequiresClassification type="false"></RequiresClassification>
			<LocationX type="NumericalFieldStatusValid">36.164423</LocationX>
			<LocationY type="NumericalFieldStatusValid">-86.780266</LocationY>
			<LocationZ type="NumericalFieldStatusValid">0</LocationZ>
			<Heading>HeadingUnknown</Heading>
			<Velocity type="NumericalFieldStatusValid">0</Velocity>
			<GroupingId>5002</GroupingId>
			<GroupingColor>#FFFF00</GroupingColor>
			<ImageFile>images/gas-toxic.png</ImageFile>
			<TimeReported type="NumericalFieldStatusValid">0</TimeReported>
			<ReportedLocationX type="NumericalFieldStatusValid">36.164423</ReportedLocationX>
			<ReportedLocationY type="NumericalFieldStatusValid">-86.780266</ReportedLocationY>
			<ReportedLocationZ type="NumericalFieldStatusValid">0</ReportedLocationZ>
			<Content>Toxic Gas 7</Content>
			<Title>Toxic Gas 7</Title>
			<Details0>Details, line 1</Details0>
			<Details1>Details, line 2</Details1>
			<Details2>Details, line 3</Details2>
			<Details3>Details, line 4</Details3>
			<Time type="NumericalFieldStatusValid">21025</Time>
		</Object>	
		
		<!-- gasHazardDivTox -->
		<Object type="HazardTypeGasHazard">
			<SubType>gasHazardDivTox</SubType>
			<Division>HAZMAT</Division>
			<Announcement type="true">0</Announcement>
			<Detectable>true</Detectable>
			<UsesGVA>true</UsesGVA>
			<PredeterminedImportance type="NumericalFieldStatusValid">0.0</PredeterminedImportance>
			<RequiresClassification type="false"></RequiresClassification>
			<LocationX type="NumericalFieldStatusValid">36.164544</LocationX>
			<LocationY type="NumericalFieldStatusValid">-86.779078</LocationY>
			<LocationZ type="NumericalFieldStatusValid">0</LocationZ>
			<Heading>HeadingUnknown</Heading>
			<Velocity type="NumericalFieldStatusValid">0</Velocity>
			<GroupingId>5002</GroupingId>
			<GroupingColor>#FFFF00</GroupingColor>
			<ImageFile>images/gas-toxic.png</ImageFile>
			<TimeReported type="NumericalFieldStatusValid">0</TimeReported>
			<ReportedLocationX type="NumericalFieldStatusValid">36.164544</ReportedLocationX>
			<ReportedLocationY type="NumericalFieldStatusValid">-86.779078</ReportedLocationY>
			<ReportedLocationZ type="NumericalFieldStatusValid">0</ReportedLocationZ>
			<Content>Toxic Gas 8</Content>
			<Title>Toxic Gas 8</Title>
			<Details0>Details, line 1</Details0>
			<Details1>Details, line 2</Details1>
			<Details2>Details, line 3</Details2>
			<Details3>Details, line 4</Details3>
			<Time type="NumericalFieldStatusValid">22025</Time>
		</Object>	
		
		<!-- gasHazardDivTox -->
		<Object type="HazardTypeGasHazard">
			<SubType>gasHazardDivTox</SubType>
			<Division>HAZMAT</Division>
			<Announcement type="true">0</Announcement>
			<Detectable>true</Detectable>
			<UsesGVA>true</UsesGVA>
			<PredeterminedImportance type="NumericalFieldStatusValid">0.0</PredeterminedImportance>
			<RequiresClassification type="false"></RequiresClassification>
			<LocationX type="NumericalFieldStatusValid">36.167708</LocationX>
			<LocationY type="NumericalFieldStatusValid">-86.779006</LocationY>
			<LocationZ type="NumericalFieldStatusValid">0</LocationZ>
			<Heading>HeadingUnknown</Heading>
			<Velocity type="NumericalFieldStatusValid">0</Velocity>
			<GroupingId>5002</GroupingId>
			<GroupingColor>#FFFF00</GroupingColor>
			<ImageFile>images/gas-toxic.png</ImageFile>
			<TimeReported type="NumericalFieldStatusValid">0</TimeReported>
			<ReportedLocationX type="NumericalFieldStatusValid">36.167708</ReportedLocationX>
			<ReportedLocationY type="NumericalFieldStatusValid">-86.779006</ReportedLocationY>
			<ReportedLocationZ type="NumericalFieldStatusValid">0</ReportedLocationZ>
			<Content>Toxic Gas 9</Content>
			<Title>Toxic Gas 9</Title>
			<Details0>Details, line 1</Details0>
			<Details1>Details, line 2</Details1>
			<Details2>Details, line 3</Details2>
			<Details3>Details, line 4</Details3>
			<Time type="NumericalFieldStatusValid">23025</Time>
		</Object>	
		
		<!-- gasHazardDivTox -->
		<Object type="HazardTypeGasHazard">
			<SubType>gasHazardDivTox</SubType>
			<Division>HAZMAT</Division>
			<Announcement type="true">0</Announcement>
			<Detectable>true</Detectable>
			<UsesGVA>true</UsesGVA>
			<PredeterminedImportance type="NumericalFieldStatusValid">0.0</PredeterminedImportance>
			<RequiresClassification type="false"></RequiresClassification>
			<LocationX type="NumericalFieldStatusValid">36.163852</LocationX>
			<LocationY type="NumericalFieldStatusValid">-86.780119</LocationY>
			<LocationZ type="NumericalFieldStatusValid">0</LocationZ>
			<Heading>HeadingUnknown</Heading>
			<Velocity type="NumericalFieldStatusValid">0</Velocity>
			<GroupingId>5002</GroupingId>
			<GroupingColor>#FFFF00</GroupingColor>
			<ImageFile>images/gas-toxic.png</ImageFile>
			<TimeReported type="NumericalFieldStatusValid">0</TimeReported>
			<ReportedLocationX type="NumericalFieldStatusValid">36.163852</ReportedLocationX>
			<ReportedLocationY type="NumericalFieldStatusValid">-86.780119</ReportedLocationY>
			<ReportedLocationZ type="NumericalFieldStatusValid">0</ReportedLocationZ>
			<Content>Toxic Gas 10</Content>
			<Title>Toxic Gas 10</Title>
			<Details0>Details, line 1</Details0>
			<Details1>Details, line 2</Details1>
			<Details2>Details, line 3</Details2>
			<Details3>Details, line 4</Details3>
			<Time type="NumericalFieldStatusValid">24025</Time>
		</Object>

		<!-- suspiciousObject -->
		<Object type="PhysicalItemTypeSuspiciousItem">
			<SubType>suspiciousObject</SubType>
			<Division>POLICE</Division>
			<Announcement type="true">0</Announcement>
			<Detectable>true</Detectable>
			<UsesGVA>true</UsesGVA>
			<PredeterminedImportance type="NumericalFieldStatusValid">0.0</PredeterminedImportance>
			<RequiresClassification type="false"></RequiresClassification>
			<LocationX type="NumericalFieldStatusValid">36.164549</LocationX>
			<LocationY type="NumericalFieldStatusValid">-86.780996</LocationY>
			<LocationZ type="NumericalFieldStatusValid">0</LocationZ>
			<Heading>HeadingUnknown</Heading>
			<Velocity type="NumericalFieldStatusValid">0</Velocity>
			<GroupingId>3000</GroupingId>
			<GroupingColor>#000000</GroupingColor>
			<ImageFile>images/suspiciousitem.png</ImageFile>
			<TimeReported type="NumericalFieldStatusValid">0</TimeReported>
			<ReportedLocationX type="NumericalFieldStatusValid">36.164549</ReportedLocationX>
			<ReportedLocationY type="NumericalFieldStatusValid">-86.780996</ReportedLocationY>
			<ReportedLocationZ type="NumericalFieldStatusValid">0</ReportedLocationZ>
			<Content>Suspicious Object 1</Content>
			<Title>Suspicious Object</Title>
			<Details0>Details, line 1</Details0>
			<Details1>Details, line 2</Details1>
			<Details2>Details, line 3</Details2>
			<Details3>Details, line 4</Details3>
			<Time type="NumericalFieldStatusValid">15000</Time>
		</Object>

		<!-- suspiciousObject -->
		<Object type="PhysicalItemTypeSuspiciousItem">
			<SubType>suspiciousObject</SubType>
			<Division>POLICE</Division>
			<Announcement type="true">0</Announcement>
			<Detectable>true</Detectable>
			<UsesGVA>true</UsesGVA>
			<PredeterminedImportance type="NumericalFieldStatusValid">0.0</PredeterminedImportance>
			<RequiresClassification type="false"></RequiresClassification>
			<LocationX type="NumericalFieldStatusValid">36.164479</LocationX>
			<LocationY type="NumericalFieldStatusValid">-86.781076</LocationY>
			<LocationZ type="NumericalFieldStatusValid">0</LocationZ>
			<Heading>HeadingUnknown</Heading>
			<Velocity type="NumericalFieldStatusValid">0</Velocity>
			<GroupingId>3000</GroupingId>
			<GroupingColor>#000000</GroupingColor>
			<ImageFile>images/suspiciousitem.png</ImageFile>
			<TimeReported type="NumericalFieldStatusValid">0</TimeReported>
			<ReportedLocationX type="NumericalFieldStatusValid">36.164479</ReportedLocationX>
			<ReportedLocationY type="NumericalFieldStatusValid">-86.781076</ReportedLocationY>
			<ReportedLocationZ type="NumericalFieldStatusValid">0</ReportedLocationZ>
			<Content>Suspicious Object 2</Content>
			<Title>Suspicious Object</Title>
			<Details0>Details, line 1</Details0>
			<Details1>Details, line 2</Details1>
			<Details2>Details, line 3</Details2>
			<Details3>Details, line 4</Details3>
			<Time type="NumericalFieldStatusValid">16000</Time>
		</Object>

		<!-- suspiciousObject -->
		<Object type="PhysicalItemTypeSuspiciousItem">
			<SubType>suspiciousObject</SubType>
			<Division>POLICE</Division>
			<Announcement type="true">0</Announcement>
			<Detectable>true</Detectable>
			<UsesGVA>true</UsesGVA>
			<PredeterminedImportance type="NumericalFieldStatusValid">0.0</PredeterminedImportance>
			<RequiresClassification type="false"></RequiresClassification>
			<LocationX type="NumericalFieldStatusValid">36.16454</LocationX>
			<LocationY type="NumericalFieldStatusValid">-86.781098</LocationY>
			<LocationZ type="NumericalFieldStatusValid">0</LocationZ>
			<Heading>HeadingUnknown</Heading>
			<Velocity type="NumericalFieldStatusValid">0</Velocity>
			<GroupingId>3000</GroupingId>
			<GroupingColor>#000000</GroupingColor>
			<ImageFile>images/suspiciousitem.png</ImageFile>
			<TimeReported type="NumericalFieldStatusValid">0</TimeReported>
			<ReportedLocationX type="NumericalFieldStatusValid">36.16454</ReportedLocationX>
			<ReportedLocationY type="NumericalFieldStatusValid">-86.781098</ReportedLocationY>
			<ReportedLocationZ type="NumericalFieldStatusValid">0</ReportedLocationZ>
			<Content>Suspicious Object 3</Content>
			<Title>Suspicious Object</Title>
			<Details0>Details, line 1</Details0>
			<Details1>Details, line 2</Details1>
			<Details2>Details, line 3</Details2>
			<Details3>Details, line 4</Details3>
			<Time type="NumericalFieldStatusValid">17000</Time>
		</Object>
		
		
		
		
	</Objects>
  
  
</Configuration>