<?xml version="1.0" encoding="utf-8"?>
<!-- 911Calls, Victims, Gas, SuspiciousObjects, and Portals -->
<Configuration>
	<Objects>
		<!-- nine11Call 1 -->
		<Object type="InformationItemType911Call">
			<SubType>nine11Call</SubType>
			<Division>EMS</Division>
			<Announcement type="true">0</Announcement>
			<Detectable>true</Detectable>
			<UsesGVA>true</UsesGVA>
			<PredeterminedImportance type="NumericalFieldStatusValid">0.0</PredeterminedImportance>
			<RequiresClassification type="false"></RequiresClassification>
			<LocationX type="NumericalFieldStatusValid">36.164826</LocationX>
			<LocationY type="NumericalFieldStatusValid">-86.783389</LocationY>
			<LocationZ type="NumericalFieldStatusValid">0</LocationZ>
			<Heading>HeadingUnknown</Heading>
			<Velocity type="NumericalFieldStatusValid">0</Velocity>
			<GroupingId>2000</GroupingId>
			<GroupingColor>#FFFF00</GroupingColor>
			<ImageFile>images/a911call.png</ImageFile>
			<TimeReported type="NumericalFieldStatusValid">0</TimeReported>
			<ReportedLocationX type="NumericalFieldStatusValid">36.164826</ReportedLocationX>
			<ReportedLocationY type="NumericalFieldStatusValid">-86.783389</ReportedLocationY>
			<ReportedLocationZ type="NumericalFieldStatusValid">0</ReportedLocationZ>
			<Content>911 Call 1</Content>
			<Title>911 Call 1</Title>
			<Details>Details, line 1</Details>
			<Details>Details, line 2</Details>
			<Details>Details, line 3</Details>
			<Details>Details, line 4</Details>
			<Time type="NumericalFieldStatusValid">10000</Time>
		</Object>  
		
		<!-- nine11Call 2 -->
		<Object type="InformationItemType911Call">
			<SubType>nine11Call</SubType>
			<Division>HAZMAT</Division>
			<Announcement type="true">0</Announcement>
			<Detectable>true</Detectable>
			<UsesGVA>true</UsesGVA>
			<PredeterminedImportance type="NumericalFieldStatusValid">0.0</PredeterminedImportance>
			<RequiresClassification type="false"></RequiresClassification>
			<LocationX type="NumericalFieldStatusValid">36.164826</LocationX>
			<LocationY type="NumericalFieldStatusValid">-86.78364</LocationY>
			<LocationZ type="NumericalFieldStatusValid">0</LocationZ>
			<Heading>HeadingUnknown</Heading>
			<Velocity type="NumericalFieldStatusValid">0</Velocity>
			<GroupingId>2000</GroupingId>
			<GroupingColor>#FFFF00</GroupingColor>
			<ImageFile>images/a911call.png</ImageFile>
			<TimeReported type="NumericalFieldStatusValid">0</TimeReported>
			<ReportedLocationX type="NumericalFieldStatusValid">36.164826</ReportedLocationX>
			<ReportedLocationY type="NumericalFieldStatusValid">-86.78364</ReportedLocationY>
			<ReportedLocationZ type="NumericalFieldStatusValid">0</ReportedLocationZ>
			<Content>911 Call 2</Content>
			<Title>911 Call 2</Title>
			<Details>Details, line 1</Details>
			<Details>Details, line 2</Details>
			<Details>Details, line 3</Details>
			<Details>Details, line 4</Details>
			<Time type="NumericalFieldStatusValid">15000</Time>
		</Object>  
		
		<!-- nine11Call 3 -->
		<Object type="InformationItemType911Call">
			<SubType>nine11Call</SubType>
			<Division>POLICE</Division>
			<Announcement type="true">0</Announcement>
			<Detectable>true</Detectable>
			<UsesGVA>true</UsesGVA>
			<PredeterminedImportance type="NumericalFieldStatusValid">0.0</PredeterminedImportance>
			<RequiresClassification type="false"></RequiresClassification>
			<LocationX type="NumericalFieldStatusValid">36.164826</LocationX>
			<LocationY type="NumericalFieldStatusValid">-86.78390</LocationY>
			<LocationZ type="NumericalFieldStatusValid">0</LocationZ>
			<Heading>HeadingUnknown</Heading>
			<Velocity type="NumericalFieldStatusValid">0</Velocity>
			<GroupingId>2000</GroupingId>
			<GroupingColor>#FFFF00</GroupingColor>
			<ImageFile>images/a911call.png</ImageFile>
			<TimeReported type="NumericalFieldStatusValid">0</TimeReported>
			<ReportedLocationX type="NumericalFieldStatusValid">36.164826</ReportedLocationX>
			<ReportedLocationY type="NumericalFieldStatusValid">-86.78390</ReportedLocationY>
			<ReportedLocationZ type="NumericalFieldStatusValid">0</ReportedLocationZ>
			<Content>911 Call 3</Content>
			<Title>911 Call 3</Title>
			<Details>Details, line 1</Details>
			<Details>Details, line 2</Details>
			<Details>Details, line 3</Details>
			<Details>Details, line 4</Details>
			<Time type="NumericalFieldStatusValid">20000</Time>
		</Object>   
		
		<!-- nine11Call 4 -->
		<Object type="InformationItemType911Call">
			<SubType>nine11Call</SubType>
			<Division>POLICE</Division>
			<Announcement type="true">0</Announcement>
			<Detectable>true</Detectable>
			<UsesGVA>true</UsesGVA>
			<PredeterminedImportance type="NumericalFieldStatusValid">0.0</PredeterminedImportance>
			<RequiresClassification type="false"></RequiresClassification>
			<LocationX type="NumericalFieldStatusValid">36.16508</LocationX>
			<LocationY type="NumericalFieldStatusValid">-86.78390</LocationY>
			<LocationZ type="NumericalFieldStatusValid">0</LocationZ>
			<Heading>HeadingUnknown</Heading>
			<Velocity type="NumericalFieldStatusValid">0</Velocity>
			<GroupingId>2000</GroupingId>
			<GroupingColor>#FFFF00</GroupingColor>
			<ImageFile>images/a911call.png</ImageFile>
			<TimeReported type="NumericalFieldStatusValid">0</TimeReported>
			<ReportedLocationX type="NumericalFieldStatusValid">36.16508</ReportedLocationX>
			<ReportedLocationY type="NumericalFieldStatusValid">-86.78390</ReportedLocationY>
			<ReportedLocationZ type="NumericalFieldStatusValid">0</ReportedLocationZ>
			<Content>911 Call 4</Content>
			<Title>911 Call 4</Title>
			<Details>Details, line 1</Details>
			<Details>Details, line 2</Details>
			<Details>Details, line 3</Details>
			<Details>Details, line 4</Details>
			<Time type="NumericalFieldStatusValid">25000</Time>
		</Object> 
		
		
		<!-- victimTL1 1 -->
		<Object type="HumanTypeVictim">
			<SubType>victimTL1</SubType>
			<Division>EMS</Division>
			<Announcement type="true">0</Announcement>
			<Detectable>true</Detectable>
			<UsesGVA>true</UsesGVA>
			<PredeterminedImportance type="NumericalFieldStatusValid">0.0</PredeterminedImportance>
			<RequiresClassification type="false"></RequiresClassification>
			<LocationX type="NumericalFieldStatusValid">36.164356</LocationX>
			<LocationY type="NumericalFieldStatusValid">-86.782978</LocationY>
			<LocationZ type="NumericalFieldStatusValid">0</LocationZ>
			<Heading>HeadingUnknown</Heading>
			<Velocity type="NumericalFieldStatusValid">0</Velocity>
			<GroupingId>1101</GroupingId>
			<GroupingColor>#FF0000</GroupingColor>
			<ImageFile>images/victimtriagelevel1.png</ImageFile>
			<TimeReported type="NumericalFieldStatusValid">0</TimeReported>
			<ReportedLocationX type="NumericalFieldStatusValid">36.164356</ReportedLocationX>
			<ReportedLocationY type="NumericalFieldStatusValid">-86.782978</ReportedLocationY>
			<ReportedLocationZ type="NumericalFieldStatusValid">0</ReportedLocationZ>
			<Content>Ambulatory Victim, Triage Level 1 (1)</Content>
			<Title>Ambulatory Victim, Triage Level 1 (1)</Title>
			<Details>Details, line 1</Details>
			<Details>Details, line 2</Details>
			<Details>Details, line 3</Details>
			<Details>Details, line 4</Details>
			<Time type="NumericalFieldStatusValid">21666</Time>
		</Object>  
		
		
		<!-- victimTL1 2 -->
		<Object type="HumanTypeVictim">
			<SubType>victimTL1</SubType>
			<Division>EMS</Division>
			<Announcement type="true">0</Announcement>
			<Detectable>true</Detectable>
			<UsesGVA>true</UsesGVA>
			<PredeterminedImportance type="NumericalFieldStatusValid">0.0</PredeterminedImportance>
			<RequiresClassification type="false"></RequiresClassification>
			<LocationX type="NumericalFieldStatusValid">36.164297</LocationX>
			<LocationY type="NumericalFieldStatusValid">-86.78309</LocationY>
			<LocationZ type="NumericalFieldStatusValid">0</LocationZ>
			<Heading>HeadingUnknown</Heading>
			<Velocity type="NumericalFieldStatusValid">0</Velocity>
			<GroupingId>1101</GroupingId>
			<GroupingColor>#FF0000</GroupingColor>
			<ImageFile>images/victimtriagelevel1.png</ImageFile>
			<TimeReported type="NumericalFieldStatusValid">0</TimeReported>
			<ReportedLocationX type="NumericalFieldStatusValid">36.164297</ReportedLocationX>
			<ReportedLocationY type="NumericalFieldStatusValid">-86.78309</ReportedLocationY>
			<ReportedLocationZ type="NumericalFieldStatusValid">0</ReportedLocationZ>
			<Content>Ambulatory Victim, Triage Level 1 (2)</Content>
			<Title>Ambulatory Victim, Triage Level 1 (2)</Title>
			<Details>Details, line 1</Details>
			<Details>Details, line 2</Details>
			<Details>Details, line 3</Details>
			<Details>Details, line 4</Details>
			<Time type="NumericalFieldStatusValid">27666</Time>
		</Object>  
		
		
		<!-- victimTL1 3 -->
		<Object type="HumanTypeVictim">
			<SubType>victimTL1</SubType>
			<Division>EMS</Division>
			<Announcement type="true">0</Announcement>
			<Detectable>true</Detectable>
			<UsesGVA>true</UsesGVA>
			<PredeterminedImportance type="NumericalFieldStatusValid">0.0</PredeterminedImportance>
			<RequiresClassification type="false"></RequiresClassification>
			<LocationX type="NumericalFieldStatusValid">36.16439</LocationX>
			<LocationY type="NumericalFieldStatusValid">-86.783157</LocationY>
			<LocationZ type="NumericalFieldStatusValid">0</LocationZ>
			<Heading>HeadingUnknown</Heading>
			<Velocity type="NumericalFieldStatusValid">0</Velocity>
			<GroupingId>1101</GroupingId>
			<GroupingColor>#FF0000</GroupingColor>
			<ImageFile>images/victimtriagelevel1.png</ImageFile>
			<TimeReported type="NumericalFieldStatusValid">0</TimeReported>
			<ReportedLocationX type="NumericalFieldStatusValid">36.16439</ReportedLocationX>
			<ReportedLocationY type="NumericalFieldStatusValid">-86.783157</ReportedLocationY>
			<ReportedLocationZ type="NumericalFieldStatusValid">0</ReportedLocationZ>
			<Content>Ambulatory Victim, Triage Level 1 (3)</Content>
			<Title>Ambulatory Victim, Triage Level 1 (3)</Title>
			<Details>Details, line 1</Details>
			<Details>Details, line 2</Details>
			<Details>Details, line 3</Details>
			<Details>Details, line 4</Details>
			<Time type="NumericalFieldStatusValid">33666</Time>
		</Object>  
		
		
		<!-- victimTL1 4 -->
		<Object type="HumanTypeVictim">
			<SubType>victimTL1</SubType>
			<Division>EMS</Division>
			<Announcement type="true">0</Announcement>
			<Detectable>true</Detectable>
			<UsesGVA>true</UsesGVA>
			<PredeterminedImportance type="NumericalFieldStatusValid">0.0</PredeterminedImportance>
			<RequiresClassification type="false"></RequiresClassification>
			<LocationX type="NumericalFieldStatusValid">36.164274</LocationX>
			<LocationY type="NumericalFieldStatusValid">-86.78378</LocationY>
			<LocationZ type="NumericalFieldStatusValid">0</LocationZ>
			<Heading>HeadingUnknown</Heading>
			<Velocity type="NumericalFieldStatusValid">0</Velocity>
			<GroupingId>1101</GroupingId>
			<GroupingColor>#FF0000</GroupingColor>
			<ImageFile>images/victimtriagelevel1.png</ImageFile>
			<TimeReported type="NumericalFieldStatusValid">0</TimeReported>
			<ReportedLocationX type="NumericalFieldStatusValid">36.164274</ReportedLocationX>
			<ReportedLocationY type="NumericalFieldStatusValid">-86.78378</ReportedLocationY>
			<ReportedLocationZ type="NumericalFieldStatusValid">0</ReportedLocationZ>
			<Content>Ambulatory Victim, Triage Level 1 (4)</Content>
			<Title>Ambulatory Victim, Triage Level 1 (4)</Title>
			<Details>Details, line 1</Details>
			<Details>Details, line 2</Details>
			<Details>Details, line 3</Details>
			<Details>Details, line 4</Details>
			<Time type="NumericalFieldStatusValid">39666</Time>
		</Object>

		<!-- victimTL2 1 -->
		<Object type="HumanTypeVictim">
			<SubType>victimTL2</SubType>
			<Division>EMS</Division>
			<Announcement type="true">0</Announcement>
			<Detectable>true</Detectable>
			<UsesGVA>true</UsesGVA>
			<PredeterminedImportance type="NumericalFieldStatusValid">0.0</PredeterminedImportance>
			<RequiresClassification type="false"></RequiresClassification>
			<LocationX type="NumericalFieldStatusValid">36.16444</LocationX>
			<LocationY type="NumericalFieldStatusValid">-86.783021</LocationY>
			<LocationZ type="NumericalFieldStatusValid">0</LocationZ>
			<Heading>HeadingUnknown</Heading>
			<Velocity type="NumericalFieldStatusValid">0</Velocity>
			<GroupingId>1102</GroupingId>
			<GroupingColor>#F5B800</GroupingColor>
			<ImageFile>images/victimtriagelevel2.png</ImageFile>
			<TimeReported type="NumericalFieldStatusValid">0</TimeReported>
			<ReportedLocationX type="NumericalFieldStatusValid">36.16444</ReportedLocationX>
			<ReportedLocationY type="NumericalFieldStatusValid">-86.783021</ReportedLocationY>
			<ReportedLocationZ type="NumericalFieldStatusValid">0</ReportedLocationZ>
			<Content>Ambulatory Victim, Triage Level 2 (1)</Content>
			<Title>Ambulatory Victim, Triage Level 2 (1)</Title>
			<Details>Details, line 1</Details>
			<Details>Details, line 2</Details>
			<Details>Details, line 3</Details>
			<Details>Details, line 4</Details>
			<Time type="NumericalFieldStatusValid">29333</Time>
		</Object>	

		<!-- victimTL2 2 -->
		<Object type="HumanTypeVictim">
			<SubType>victimTL2</SubType>
			<Division>EMS</Division>
			<Announcement type="true">0</Announcement>
			<Detectable>true</Detectable>
			<UsesGVA>true</UsesGVA>
			<PredeterminedImportance type="NumericalFieldStatusValid">0.0</PredeterminedImportance>
			<RequiresClassification type="false"></RequiresClassification>
			<LocationX type="NumericalFieldStatusValid">36.164488</LocationX>
			<LocationY type="NumericalFieldStatusValid">-86.782911</LocationY>
			<LocationZ type="NumericalFieldStatusValid">0</LocationZ>
			<Heading>HeadingUnknown</Heading>
			<Velocity type="NumericalFieldStatusValid">0</Velocity>
			<GroupingId>1102</GroupingId>
			<GroupingColor>#F5B800</GroupingColor>
			<ImageFile>images/victimtriagelevel2.png</ImageFile>
			<TimeReported type="NumericalFieldStatusValid">0</TimeReported>
			<ReportedLocationX type="NumericalFieldStatusValid">36.164488</ReportedLocationX>
			<ReportedLocationY type="NumericalFieldStatusValid">-86.782911</ReportedLocationY>
			<ReportedLocationZ type="NumericalFieldStatusValid">0</ReportedLocationZ>
			<Content>Ambulatory Victim, Triage Level 2 (2)</Content>
			<Title>Ambulatory Victim, Triage Level 2 (2)</Title>
			<Details>Details, line 1</Details>
			<Details>Details, line 2</Details>
			<Details>Details, line 3</Details>
			<Details>Details, line 4</Details>
			<Time type="NumericalFieldStatusValid">36333</Time>
		</Object>

		<!-- victimTL2 3 -->
		<Object type="HumanTypeVictim">
			<SubType>victimTL2</SubType>
			<Division>EMS</Division>
			<Announcement type="true">0</Announcement>
			<Detectable>true</Detectable>
			<UsesGVA>true</UsesGVA>
			<PredeterminedImportance type="NumericalFieldStatusValid">0.0</PredeterminedImportance>
			<RequiresClassification type="false"></RequiresClassification>
			<LocationX type="NumericalFieldStatusValid">36.164497</LocationX>
			<LocationY type="NumericalFieldStatusValid">-86.783047</LocationY>
			<LocationZ type="NumericalFieldStatusValid">0</LocationZ>
			<Heading>HeadingUnknown</Heading>
			<Velocity type="NumericalFieldStatusValid">0</Velocity>
			<GroupingId>1102</GroupingId>
			<GroupingColor>#F5B800</GroupingColor>
			<ImageFile>images/victimtriagelevel2.png</ImageFile>
			<TimeReported type="NumericalFieldStatusValid">0</TimeReported>
			<ReportedLocationX type="NumericalFieldStatusValid">36.164497</ReportedLocationX>
			<ReportedLocationY type="NumericalFieldStatusValid">-86.783047</ReportedLocationY>
			<ReportedLocationZ type="NumericalFieldStatusValid">0</ReportedLocationZ>
			<Content>Ambulatory Victim, Triage Level 2 (3)</Content>
			<Title>Ambulatory Victim, Triage Level 2 (3)</Title>
			<Details>Details, line 1</Details>
			<Details>Details, line 2</Details>
			<Details>Details, line 3</Details>
			<Details>Details, line 4</Details>
			<Time type="NumericalFieldStatusValid">43333</Time>
		</Object>	

		<!-- victimTL2 4 -->
		<Object type="HumanTypeVictim">
			<SubType>victimTL2</SubType>
			<Division>EMS</Division>
			<Announcement type="true">0</Announcement>
			<Detectable>true</Detectable>
			<UsesGVA>true</UsesGVA>
			<PredeterminedImportance type="NumericalFieldStatusValid">0.0</PredeterminedImportance>
			<RequiresClassification type="false"></RequiresClassification>
			<LocationX type="NumericalFieldStatusValid">36.164475</LocationX>
			<LocationY type="NumericalFieldStatusValid">-86.783769</LocationY>
			<LocationZ type="NumericalFieldStatusValid">0</LocationZ>
			<Heading>HeadingUnknown</Heading>
			<Velocity type="NumericalFieldStatusValid">0</Velocity>
			<GroupingId>1102</GroupingId>
			<GroupingColor>#F5B800</GroupingColor>
			<ImageFile>images/victimtriagelevel2.png</ImageFile>
			<TimeReported type="NumericalFieldStatusValid">0</TimeReported>
			<ReportedLocationX type="NumericalFieldStatusValid">36.164475</ReportedLocationX>
			<ReportedLocationY type="NumericalFieldStatusValid">-86.783769</ReportedLocationY>
			<ReportedLocationZ type="NumericalFieldStatusValid">0</ReportedLocationZ>
			<Content>Ambulatory Victim, Triage Level 2 (4)</Content>
			<Title>Ambulatory Victim, Triage Level 2 (4)</Title>
			<Details>Details, line 1</Details>
			<Details>Details, line 2</Details>
			<Details>Details, line 3</Details>
			<Details>Details, line 4</Details>
			<Time type="NumericalFieldStatusValid">50333</Time>
		</Object>	
		
		<!-- hazmatReading 1 -->
		<Object type="ReadingTypeHazmat">
			<SubType>hazmatReading</SubType>
			<Division>HAZMAT</Division>
			<Announcement type="true">0</Announcement>
			<Detectable>true</Detectable>
			<UsesGVA>true</UsesGVA>
			<PredeterminedImportance type="NumericalFieldStatusValid">0.0</PredeterminedImportance>
			<RequiresClassification type="false"></RequiresClassification>
			<LocationX type="NumericalFieldStatusValid">36.164308</LocationX>
			<LocationY type="NumericalFieldStatusValid">-86.784375</LocationY>
			<LocationZ type="NumericalFieldStatusValid">0</LocationZ>
			<Heading>HeadingUnknown</Heading>
			<Velocity type="NumericalFieldStatusValid">0</Velocity>
			<GroupingId>5002</GroupingId>
			<GroupingColor>#FF3366</GroupingColor>
			<ImageFile>images/HAZMATReading.png</ImageFile>
			<TimeReported type="NumericalFieldStatusValid">0</TimeReported>
			<ReportedLocationX type="NumericalFieldStatusValid">36.164308</ReportedLocationX>
			<ReportedLocationY type="NumericalFieldStatusValid">-86.784375</ReportedLocationY>
			<ReportedLocationZ type="NumericalFieldStatusValid">0</ReportedLocationZ>
			<Content>Unknown Gas 1</Content>
			<Title>Suspicious Object</Title>
			<Details>Details, line 1</Details>
			<Details>Details, line 2</Details>
			<Details>Details, line 3</Details>
			<Details>Details, line 4</Details>
			<Time type="NumericalFieldStatusValid">10025</Time>
		</Object>	
		
		<!-- hazmatReading 2 -->
		<Object type="ReadingTypeHazmat">
			<SubType>hazmatReading</SubType>
			<Division>HAZMAT</Division>
			<Announcement type="true">0</Announcement>
			<Detectable>true</Detectable>
			<UsesGVA>true</UsesGVA>
			<PredeterminedImportance type="NumericalFieldStatusValid">0.0</PredeterminedImportance>
			<RequiresClassification type="false"></RequiresClassification>
			<LocationX type="NumericalFieldStatusValid">36.164241</LocationX>
			<LocationY type="NumericalFieldStatusValid">-86.784327</LocationY>
			<LocationZ type="NumericalFieldStatusValid">0</LocationZ>
			<Heading>HeadingUnknown</Heading>
			<Velocity type="NumericalFieldStatusValid">0</Velocity>
			<GroupingId>5002</GroupingId>
			<GroupingColor>#FF3366</GroupingColor>
			<ImageFile>images/HAZMATReading.png</ImageFile>
			<TimeReported type="NumericalFieldStatusValid">0</TimeReported>
			<ReportedLocationX type="NumericalFieldStatusValid">36.164241</ReportedLocationX>
			<ReportedLocationY type="NumericalFieldStatusValid">-86.784327</ReportedLocationY>
			<ReportedLocationZ type="NumericalFieldStatusValid">0</ReportedLocationZ>
			<Content>Unknown Gas 2</Content>
			<Title>Unknown Gas 2</Title>
			<Details>Details, line 1</Details>
			<Details>Details, line 2</Details>
			<Details>Details, line 3</Details>
			<Details>Details, line 4</Details>
			<Time type="NumericalFieldStatusValid">11025</Time>
		</Object>	
		
		<!-- hazmatReading 3 -->
		<Object type="ReadingTypeHazmat">
			<SubType>hazmatReading</SubType>
			<Division>HAZMAT</Division>
			<Announcement type="true">0</Announcement>
			<Detectable>true</Detectable>
			<UsesGVA>true</UsesGVA>
			<PredeterminedImportance type="NumericalFieldStatusValid">0.0</PredeterminedImportance>
			<RequiresClassification type="false"></RequiresClassification>
			<LocationX type="NumericalFieldStatusValid">36.164568</LocationX>
			<LocationY type="NumericalFieldStatusValid">-86.784646</LocationY>
			<LocationZ type="NumericalFieldStatusValid">0</LocationZ>
			<Heading>HeadingUnknown</Heading>
			<Velocity type="NumericalFieldStatusValid">0</Velocity>
			<GroupingId>5002</GroupingId>
			<GroupingColor>#FF3366</GroupingColor>
			<ImageFile>images/HAZMATReading.png</ImageFile>
			<TimeReported type="NumericalFieldStatusValid">0</TimeReported>
			<ReportedLocationX type="NumericalFieldStatusValid">36.164568</ReportedLocationX>
			<ReportedLocationY type="NumericalFieldStatusValid">-86.784646</ReportedLocationY>
			<ReportedLocationZ type="NumericalFieldStatusValid">0</ReportedLocationZ>
			<Content>Unknown Gas 3</Content>
			<Title>Unknown Gas 3</Title>
			<Details>Details, line 1</Details>
			<Details>Details, line 2</Details>
			<Details>Details, line 3</Details>
			<Details>Details, line 4</Details>
			<Time type="NumericalFieldStatusValid">12025</Time>
		</Object>	
		
		<!-- hazmatReading 4 -->
		<Object type="ReadingTypeHazmat">
			<SubType>hazmatReading</SubType>
			<Division>HAZMAT</Division>
			<Announcement type="true">0</Announcement>
			<Detectable>true</Detectable>
			<UsesGVA>true</UsesGVA>
			<PredeterminedImportance type="NumericalFieldStatusValid">0.0</PredeterminedImportance>
			<RequiresClassification type="false"></RequiresClassification>
			<LocationX type="NumericalFieldStatusValid">36.164635</LocationX>
			<LocationY type="NumericalFieldStatusValid">-86.784951</LocationY>
			<LocationZ type="NumericalFieldStatusValid">0</LocationZ>
			<Heading>HeadingUnknown</Heading>
			<Velocity type="NumericalFieldStatusValid">0</Velocity>
			<GroupingId>5002</GroupingId>
			<GroupingColor>#FF3366</GroupingColor>
			<ImageFile>images/HAZMATReading.png</ImageFile>
			<TimeReported type="NumericalFieldStatusValid">0</TimeReported>
			<ReportedLocationX type="NumericalFieldStatusValid">36.164635</ReportedLocationX>
			<ReportedLocationY type="NumericalFieldStatusValid">-86.784951</ReportedLocationY>
			<ReportedLocationZ type="NumericalFieldStatusValid">0</ReportedLocationZ>
			<Content>Unknown Gas 4</Content>
			<Title>Unknown Gas 4</Title>
			<Details>Details, line 1</Details>
			<Details>Details, line 2</Details>
			<Details>Details, line 3</Details>
			<Details>Details, line 4</Details>
			<Time type="NumericalFieldStatusValid">13025</Time>
		</Object>	
		
		<!-- hazmatReading 5 -->
		<Object type="ReadingTypeHazmat">
			<SubType>hazmatReading</SubType>
			<Division>HAZMAT</Division>
			<Announcement type="true">0</Announcement>
			<Detectable>true</Detectable>
			<UsesGVA>true</UsesGVA>
			<PredeterminedImportance type="NumericalFieldStatusValid">0.0</PredeterminedImportance>
			<RequiresClassification type="false"></RequiresClassification>
			<LocationX type="NumericalFieldStatusValid">36.164635</LocationX>
			<LocationY type="NumericalFieldStatusValid">-86.784751</LocationY>
			<LocationZ type="NumericalFieldStatusValid">0</LocationZ>
			<Heading>HeadingUnknown</Heading>
			<Velocity type="NumericalFieldStatusValid">0</Velocity>
			<GroupingId>5002</GroupingId>
			<GroupingColor>#FF3366</GroupingColor>
			<ImageFile>images/HAZMATReading.png</ImageFile>
			<TimeReported type="NumericalFieldStatusValid">0</TimeReported>
			<ReportedLocationX type="NumericalFieldStatusValid">36.164635</ReportedLocationX>
			<ReportedLocationY type="NumericalFieldStatusValid">-86.784751</ReportedLocationY>
			<ReportedLocationZ type="NumericalFieldStatusValid">0</ReportedLocationZ>
			<Content>Unknown Gas 5</Content>
			<Title>Unknown Gas 5</Title>
			<Details>Details, line 1</Details>
			<Details>Details, line 2</Details>
			<Details>Details, line 3</Details>
			<Details>Details, line 4</Details>
			<Time type="NumericalFieldStatusValid">14025</Time>
		</Object>	
		
		<!-- hazmatReading 6 -->
		<Object type="ReadingTypeHazmat">
			<SubType>hazmatReading</SubType>
			<Division>HAZMAT</Division>
			<Announcement type="true">0</Announcement>
			<Detectable>true</Detectable>
			<UsesGVA>true</UsesGVA>
			<PredeterminedImportance type="NumericalFieldStatusValid">0.0</PredeterminedImportance>
			<RequiresClassification type="false"></RequiresClassification>
			<LocationX type="NumericalFieldStatusValid">36.16431</LocationX>
			<LocationY type="NumericalFieldStatusValid">-86.784716</LocationY>
			<LocationZ type="NumericalFieldStatusValid">0</LocationZ>
			<Heading>HeadingUnknown</Heading>
			<Velocity type="NumericalFieldStatusValid">0</Velocity>
			<GroupingId>5002</GroupingId>
			<GroupingColor>#FF3366</GroupingColor>
			<ImageFile>images/HAZMATReading.png</ImageFile>
			<TimeReported type="NumericalFieldStatusValid">0</TimeReported>
			<ReportedLocationX type="NumericalFieldStatusValid">36.16431</ReportedLocationX>
			<ReportedLocationY type="NumericalFieldStatusValid">-86.784716</ReportedLocationY>
			<ReportedLocationZ type="NumericalFieldStatusValid">0</ReportedLocationZ>
			<Content>Unknown Gas 6</Content>
			<Title>Unknown Gas 6</Title>
			<Details>Details, line 1</Details>
			<Details>Details, line 2</Details>
			<Details>Details, line 3</Details>
			<Details>Details, line 4</Details>
			<Time type="NumericalFieldStatusValid">20025</Time>
		</Object>	
		
		<!-- hazmatReading 7 -->
		<Object type="ReadingTypeHazmat">
			<SubType>hazmatReading</SubType>
			<Division>HAZMAT</Division>
			<Announcement type="true">0</Announcement>
			<Detectable>true</Detectable>
			<UsesGVA>true</UsesGVA>
			<PredeterminedImportance type="NumericalFieldStatusValid">0.0</PredeterminedImportance>
			<RequiresClassification type="false"></RequiresClassification>
			<LocationX type="NumericalFieldStatusValid">36.164271</LocationX>
			<LocationY type="NumericalFieldStatusValid">-86.784737</LocationY>
			<LocationZ type="NumericalFieldStatusValid">0</LocationZ>
			<Heading>HeadingUnknown</Heading>
			<Velocity type="NumericalFieldStatusValid">0</Velocity>
			<GroupingId>5002</GroupingId>
			<GroupingColor>#FF3366</GroupingColor>
			<ImageFile>images/HAZMATReading.png</ImageFile>
			<TimeReported type="NumericalFieldStatusValid">0</TimeReported>
			<ReportedLocationX type="NumericalFieldStatusValid">36.164271</ReportedLocationX>
			<ReportedLocationY type="NumericalFieldStatusValid">-86.784737</ReportedLocationY>
			<ReportedLocationZ type="NumericalFieldStatusValid">0</ReportedLocationZ>
			<Content>Unknown Gas 7</Content>
			<Title>Unknown Gas 7</Title>
			<Details>Details, line 1</Details>
			<Details>Details, line 2</Details>
			<Details>Details, line 3</Details>
			<Details>Details, line 4</Details>
			<Time type="NumericalFieldStatusValid">21025</Time>
		</Object>	
		
		<!-- hazmatReading 8 -->
		<Object type="ReadingTypeHazmat">
			<SubType>hazmatReading</SubType>
			<Division>HAZMAT</Division>
			<Announcement type="true">0</Announcement>
			<Detectable>true</Detectable>
			<UsesGVA>true</UsesGVA>
			<PredeterminedImportance type="NumericalFieldStatusValid">0.0</PredeterminedImportance>
			<RequiresClassification type="false"></RequiresClassification>
			<LocationX type="NumericalFieldStatusValid">36.163864</LocationX>
			<LocationY type="NumericalFieldStatusValid">-86.784236</LocationY>
			<LocationZ type="NumericalFieldStatusValid">0</LocationZ>
			<Heading>HeadingUnknown</Heading>
			<Velocity type="NumericalFieldStatusValid">0</Velocity>
			<GroupingId>5002</GroupingId>
			<GroupingColor>#FF3366</GroupingColor>
			<ImageFile>images/HAZMATReading.png</ImageFile>
			<TimeReported type="NumericalFieldStatusValid">0</TimeReported>
			<ReportedLocationX type="NumericalFieldStatusValid">36.163864</ReportedLocationX>
			<ReportedLocationY type="NumericalFieldStatusValid">-86.784236</ReportedLocationY>
			<ReportedLocationZ type="NumericalFieldStatusValid">0</ReportedLocationZ>
			<Content>Unknown Gas 8</Content>
			<Title>Unknown Gas 8</Title>
			<Details>Details, line 1</Details>
			<Details>Details, line 2</Details>
			<Details>Details, line 3</Details>
			<Details>Details, line 4</Details>
			<Time type="NumericalFieldStatusValid">22025</Time>
		</Object>	
		
		<!-- hazmatReading 9 -->
		<Object type="ReadingTypeHazmat">
			<SubType>hazmatReading</SubType>
			<Division>HAZMAT</Division>
			<Announcement type="true">0</Announcement>
			<Detectable>true</Detectable>
			<UsesGVA>true</UsesGVA>
			<PredeterminedImportance type="NumericalFieldStatusValid">0.0</PredeterminedImportance>
			<RequiresClassification type="false"></RequiresClassification>
			<LocationX type="NumericalFieldStatusValid">36.163879</LocationX>
			<LocationY type="NumericalFieldStatusValid">-86.78415</LocationY>
			<LocationZ type="NumericalFieldStatusValid">0</LocationZ>
			<Heading>HeadingUnknown</Heading>
			<Velocity type="NumericalFieldStatusValid">0</Velocity>
			<GroupingId>5002</GroupingId>
			<GroupingColor>#FF3366</GroupingColor>
			<ImageFile>images/HAZMATReading.png</ImageFile>
			<TimeReported type="NumericalFieldStatusValid">0</TimeReported>
			<ReportedLocationX type="NumericalFieldStatusValid">36.163879</ReportedLocationX>
			<ReportedLocationY type="NumericalFieldStatusValid">-86.78415</ReportedLocationY>
			<ReportedLocationZ type="NumericalFieldStatusValid">0</ReportedLocationZ>
			<Content>Unknown Gas 9</Content>
			<Title>Unknown Gas 9</Title>
			<Details>Details, line 1</Details>
			<Details>Details, line 2</Details>
			<Details>Details, line 3</Details>
			<Details>Details, line 4</Details>
			<Time type="NumericalFieldStatusValid">23025</Time>
		</Object>	
		
		<!-- hazmatReading 10 -->
		<Object type="ReadingTypeHazmat">
			<SubType>hazmatReading</SubType>
			<Division>HAZMAT</Division>
			<Announcement type="true">0</Announcement>
			<Detectable>true</Detectable>
			<UsesGVA>true</UsesGVA>
			<PredeterminedImportance type="NumericalFieldStatusValid">0.0</PredeterminedImportance>
			<RequiresClassification type="false"></RequiresClassification>
			<LocationX type="NumericalFieldStatusValid">36.163767</LocationX>
			<LocationY type="NumericalFieldStatusValid">-86.784166</LocationY>
			<LocationZ type="NumericalFieldStatusValid">0</LocationZ>
			<Heading>HeadingUnknown</Heading>
			<Velocity type="NumericalFieldStatusValid">0</Velocity>
			<GroupingId>5002</GroupingId>
			<GroupingColor>#FF3366</GroupingColor>
			<ImageFile>images/HAZMATReading.png</ImageFile>
			<TimeReported type="NumericalFieldStatusValid">0</TimeReported>
			<ReportedLocationX type="NumericalFieldStatusValid">36.163767</ReportedLocationX>
			<ReportedLocationY type="NumericalFieldStatusValid">-86.784166</ReportedLocationY>
			<ReportedLocationZ type="NumericalFieldStatusValid">0</ReportedLocationZ>
			<Content>Unknown Gas 10</Content>
			<Title>Unknown Gas 10</Title>
			<Details>Details, line 1</Details>
			<Details>Details, line 2</Details>
			<Details>Details, line 3</Details>
			<Details>Details, line 4</Details>
			<Time type="NumericalFieldStatusValid">24025</Time>
		</Object>

		<!-- suspiciousObject 1 -->
		<Object type="PhysicalItemTypeSuspiciousItem">
			<SubType>suspiciousObject</SubType>
			<Division>POLICE</Division>
			<Announcement type="true">0</Announcement>
			<Detectable>true</Detectable>
			<UsesGVA>true</UsesGVA>
			<PredeterminedImportance type="NumericalFieldStatusValid">0.0</PredeterminedImportance>
			<RequiresClassification type="false"></RequiresClassification>
			<LocationX type="NumericalFieldStatusValid">36.164429</LocationX>
			<LocationY type="NumericalFieldStatusValid">-86.783895</LocationY>
			<LocationZ type="NumericalFieldStatusValid">0</LocationZ>
			<Heading>HeadingUnknown</Heading>
			<Velocity type="NumericalFieldStatusValid">0</Velocity>
			<GroupingId>3000</GroupingId>
			<GroupingColor>#000000</GroupingColor>
			<ImageFile>images/suspiciousitem.png</ImageFile>
			<TimeReported type="NumericalFieldStatusValid">0</TimeReported>
			<ReportedLocationX type="NumericalFieldStatusValid">36.164429</ReportedLocationX>
			<ReportedLocationY type="NumericalFieldStatusValid">-86.783895</ReportedLocationY>
			<ReportedLocationZ type="NumericalFieldStatusValid">0</ReportedLocationZ>
			<Content>Suspicious Object 1</Content>
			<Title>Suspicious Object</Title>
			<Details>Details, line 1</Details>
			<Details>Details, line 2</Details>
			<Details>Details, line 3</Details>
			<Details>Details, line 4</Details>
			<Time type="NumericalFieldStatusValid">15000</Time>
		</Object>

		<!-- suspiciousObject 2 -->
		<Object type="PhysicalItemTypeSuspiciousItem">
			<SubType>suspiciousObject</SubType>
			<Division>POLICE</Division>
			<Announcement type="true">0</Announcement>
			<Detectable>true</Detectable>
			<UsesGVA>true</UsesGVA>
			<PredeterminedImportance type="NumericalFieldStatusValid">0.0</PredeterminedImportance>
			<RequiresClassification type="false"></RequiresClassification>
			<LocationX type="NumericalFieldStatusValid">36.164341</LocationX>
			<LocationY type="NumericalFieldStatusValid">-86.783817</LocationY>
			<LocationZ type="NumericalFieldStatusValid">0</LocationZ>
			<Heading>HeadingUnknown</Heading>
			<Velocity type="NumericalFieldStatusValid">0</Velocity>
			<GroupingId>3000</GroupingId>
			<GroupingColor>#000000</GroupingColor>
			<ImageFile>images/suspiciousitem.png</ImageFile>
			<TimeReported type="NumericalFieldStatusValid">0</TimeReported>
			<ReportedLocationX type="NumericalFieldStatusValid">36.164341</ReportedLocationX>
			<ReportedLocationY type="NumericalFieldStatusValid">-86.783817</ReportedLocationY>
			<ReportedLocationZ type="NumericalFieldStatusValid">0</ReportedLocationZ>
			<Content>Suspicious Object 2</Content>
			<Title>Suspicious Object</Title>
			<Details>Details, line 1</Details>
			<Details>Details, line 2</Details>
			<Details>Details, line 3</Details>
			<Details>Details, line 4</Details>
			<Time type="NumericalFieldStatusValid">16000</Time>
		</Object>

		<!-- suspiciousObject 3 -->
		<Object type="PhysicalItemTypeSuspiciousItem">
			<SubType>suspiciousObject</SubType>
			<Division>POLICE</Division>
			<Announcement type="true">0</Announcement>
			<Detectable>true</Detectable>
			<UsesGVA>true</UsesGVA>
			<PredeterminedImportance type="NumericalFieldStatusValid">0.0</PredeterminedImportance>
			<RequiresClassification type="false"></RequiresClassification>
			<LocationX type="NumericalFieldStatusValid">36.164434</LocationX>
			<LocationY type="NumericalFieldStatusValid">-86.784509</LocationY>
			<LocationZ type="NumericalFieldStatusValid">0</LocationZ>
			<Heading>HeadingUnknown</Heading>
			<Velocity type="NumericalFieldStatusValid">0</Velocity>
			<GroupingId>3000</GroupingId>
			<GroupingColor>#000000</GroupingColor>
			<ImageFile>images/suspiciousitem.png</ImageFile>
			<TimeReported type="NumericalFieldStatusValid">0</TimeReported>
			<ReportedLocationX type="NumericalFieldStatusValid">36.164434</ReportedLocationX>
			<ReportedLocationY type="NumericalFieldStatusValid">-86.784509</ReportedLocationY>
			<ReportedLocationZ type="NumericalFieldStatusValid">0</ReportedLocationZ>
			<Content>Suspicious Object 3</Content>
			<Title>Suspicious Object</Title>
			<Details>Details, line 1</Details>
			<Details>Details, line 2</Details>
			<Details>Details, line 3</Details>
			<Details>Details, line 4</Details>
			<Time type="NumericalFieldStatusValid">17000</Time>
		</Object>

		<!-- ingress-egress 1 -->
		<Object type="LocationTypePortal">
			<SubType>ingress-egress</SubType>
			<Division>EMS</Division>
			<Announcement type="true">0</Announcement>
			<Detectable>true</Detectable>
			<UsesGVA>false</UsesGVA>
			<PredeterminedImportance type="NumericalFieldStatusValid">0.0</PredeterminedImportance>
			<RequiresClassification type="false"></RequiresClassification>
			<LocationX type="NumericalFieldStatusValid">36.164523</LocationX>
			<LocationY type="NumericalFieldStatusValid">-86.782699</LocationY>
			<LocationZ type="NumericalFieldStatusValid">0</LocationZ>
			<Heading>HeadingUnknown</Heading>
			<Velocity type="NumericalFieldStatusValid">0</Velocity>
			<GroupingId>-1</GroupingId>
			<GroupingColor>0</GroupingColor>
			<ImageFile>images/ingress-egress.png</ImageFile>
			<TimeReported type="NumericalFieldStatusValid">0</TimeReported>
			<ReportedLocationX type="NumericalFieldStatusValid">36.164523</ReportedLocationX>
			<ReportedLocationY type="NumericalFieldStatusValid">-86.782699</ReportedLocationY>
			<ReportedLocationZ type="NumericalFieldStatusValid">0</ReportedLocationZ>
			<Content>Portal 1</Content>
			<Title>Portal 1</Title>
			<Details>Details, line 1</Details>
			<Details>Details, line 2</Details>
			<Details>Details, line 3</Details>
			<Details>Details, line 4</Details>
			<Time type="NumericalFieldStatusValid">11000</Time>
		</Object>

		<!-- ingress-egress 2.0 -->
		<Object type="LocationTypePortal">
			<SubType>ingress-egress</SubType>
			<Division>EMS</Division>
			<Announcement type="true">0</Announcement>
			<Detectable>true</Detectable>
			<UsesGVA>false</UsesGVA>
			<PredeterminedImportance type="NumericalFieldStatusValid">0.0</PredeterminedImportance>
			<RequiresClassification type="false"></RequiresClassification>
			<LocationX type="NumericalFieldStatusValid">36.16451</LocationX>
			<LocationY type="NumericalFieldStatusValid">-86.78493</LocationY>
			<LocationZ type="NumericalFieldStatusValid">0</LocationZ>
			<Heading>HeadingUnknown</Heading>
			<Velocity type="NumericalFieldStatusValid">0</Velocity>
			<GroupingId>-1</GroupingId>
			<GroupingColor>0</GroupingColor>
			<ImageFile>images/ingress-egress.png</ImageFile>
			<TimeReported type="NumericalFieldStatusValid">0</TimeReported>
			<ReportedLocationX type="NumericalFieldStatusValid">36.16451</ReportedLocationX>
			<ReportedLocationY type="NumericalFieldStatusValid">-86.78493</ReportedLocationY>
			<ReportedLocationZ type="NumericalFieldStatusValid">0</ReportedLocationZ>
			<Content>Portal 2</Content>
			<Title>Portal 2</Title>
			<Details>Details, line 1</Details>
			<Details>Details, line 2</Details>
			<Details>Details, line 3</Details>
			<Details>Details, line 4</Details>
			<Time type="NumericalFieldStatusValid">10000</Time>
		</Object>
		
		<!-- ingress-egress 2.1 -->
		<Object type="LocationTypePortal">
			<SubType>ingress-egress</SubType>
			<Division>EMS</Division>
			<Announcement type="true">0</Announcement>
			<Detectable>true</Detectable>
			<UsesGVA>false</UsesGVA>
			<PredeterminedImportance type="NumericalFieldStatusValid">0.0</PredeterminedImportance>
			<RequiresClassification type="false"></RequiresClassification>
			<LocationX type="NumericalFieldStatusValid">36.16451</LocationX>
			<LocationY type="NumericalFieldStatusValid">-86.78493</LocationY>
			<LocationZ type="NumericalFieldStatusValid">0</LocationZ>
			<Heading>HeadingUnknown</Heading>
			<Velocity type="NumericalFieldStatusValid">0</Velocity>
			<GroupingId>-1</GroupingId>
			<GroupingColor>0</GroupingColor>
			<ImageFile>images/ingress-egress.png</ImageFile>
			<TimeReported type="NumericalFieldStatusValid">0</TimeReported>
			<ReportedLocationX type="NumericalFieldStatusValid">36.16451</ReportedLocationX>
			<ReportedLocationY type="NumericalFieldStatusValid">-86.78493</ReportedLocationY>
			<ReportedLocationZ type="NumericalFieldStatusValid">0</ReportedLocationZ>
			<Content>Portal 2</Content>
			<Title>Portal 2</Title>
			<Details>Details, line 1</Details>
			<Details>Details, line 2</Details>
			<Details>Details, line 3</Details>
			<Details>Details, line 4</Details>
			<Time type="NumericalFieldStatusValid">10005</Time>
		</Object>
		
		<!-- responderTL5 1 -->
		<Object type="HumanTypeResponder">
			<SubType>responderTL5</SubType>
			<Division>EMS</Division>
			<Announcement type="true">0</Announcement>
			<Detectable>true</Detectable>
			<UsesGVA>true</UsesGVA>
			<PredeterminedImportance type="NumericalFieldStatusValid">0.0</PredeterminedImportance>
			<RequiresClassification type="false"></RequiresClassification>
			<LocationX type="NumericalFieldStatusValid">36.164377</LocationX>
			<LocationY type="NumericalFieldStatusValid">-86.783697</LocationY>
			<LocationZ type="NumericalFieldStatusValid">0</LocationZ>
			<Heading>HeadingUnknown</Heading>
			<Velocity type="NumericalFieldStatusValid">0</Velocity>
			<GroupingId>1005</GroupingId>
			<GroupingColor>#FFFFFF</GroupingColor>
			<ImageFile>images/respondertriagelevel5.png</ImageFile>
			<TimeReported type="NumericalFieldStatusValid">0</TimeReported>
			<ReportedLocationX type="NumericalFieldStatusValid">36.164377</ReportedLocationX>
			<ReportedLocationY type="NumericalFieldStatusValid">-86.783697</ReportedLocationY>
			<ReportedLocationZ type="NumericalFieldStatusValid">0</ReportedLocationZ>
			<Content>Responder, Triage Level 5 (1)</Content>
			<Title>Responder, Triage Level 5 (1)</Title>
			<Details>Details, line 1</Details>
			<Details>Details, line 2</Details>
			<Details>Details, line 3</Details>
			<Details>Details, line 4</Details>
			<Time type="NumericalFieldStatusValid">14000</Time>
		</Object>
		
		
	</Objects>
  
  
</Configuration>