<?xml version="1.0" encoding="utf-8"?>
<Configuration>
  <Objects>
	  <!-- 911 Calls -->
	  <!-- 911-a -->
	  <Object type="ObjectTypeInformationItem">
		<Division>EMS</Division>
		<Announcement type="true">0</Announcement>
		<Detectable>true</Detectable>
		<RequiresClasification type="false"></RequiresClasification>
		<LocationX type="NumericalFieldStatusValid">36.165293</LocationX>
		<LocationY type="NumericalFieldStatusValid">-86.781522</LocationY>
		<LocationZ type="NumericalFieldStatusValid">0</LocationZ>
		<Heading>HeadingUnknown</Heading>
		<Velocity type="NumericalFieldStatusValid">0</Velocity>
		<SubType type="InformationItemType911Call">
		  <TimeReported type="NumericalFieldStatusValid">0</TimeReported>
		  <ReportedLocationX type="NumericalFieldStatusValid">36.165293</ReportedLocationX>
		  <ReportedLocationY type="NumericalFieldStatusValid">-86.781522</ReportedLocationY>
		  <ReportedLocationZ type="NumericalFieldStatusValid">0</ReportedLocationZ>
		  <Content>First</Content>
		  <Time type="NumericalFieldStatusValid">9000</Time>
		</SubType>
	  </Object>
	  
	  <Object type="ObjectTypeInformationItem">
		<Division>EMS</Division>
		<Announcement type="true">0</Announcement>
		<Detectable>true</Detectable>
		<RequiresClasification type="false"></RequiresClasification>
		<LocationX type="NumericalFieldStatusValid">36.165493</LocationX>
		<LocationY type="NumericalFieldStatusValid">-86.781522</LocationY>
		<LocationZ type="NumericalFieldStatusValid">0</LocationZ>
		<Heading>HeadingUnknown</Heading>
		<Velocity type="NumericalFieldStatusValid">0</Velocity>
		<SubType type="InformationItemType911Call">
		  <TimeReported type="NumericalFieldStatusValid">0</TimeReported>
		  <ReportedLocationX type="NumericalFieldStatusValid">36.165493</ReportedLocationX>
		  <ReportedLocationY type="NumericalFieldStatusValid">-86.781522</ReportedLocationY>
		  <ReportedLocationZ type="NumericalFieldStatusValid">0</ReportedLocationZ>
		  <Content>Second</Content>
		  <Time type="NumericalFieldStatusValid">10000</Time>
		</SubType>
	  </Object>
	  
	  <Object type="ObjectTypeInformationItem">
		<Division>EMS</Division>
		<Announcement type="true">0</Announcement>
		<Detectable>true</Detectable>
		<RequiresClasification type="false"></RequiresClasification>
		<LocationX type="NumericalFieldStatusValid">36.165893</LocationX>
		<LocationY type="NumericalFieldStatusValid">-86.781522</LocationY>
		<LocationZ type="NumericalFieldStatusValid">0</LocationZ>
		<Heading>HeadingUnknown</Heading>
		<Velocity type="NumericalFieldStatusValid">0</Velocity>
		<SubType type="InformationItemType911Call">
		  <TimeReported type="NumericalFieldStatusValid">0</TimeReported>
		  <ReportedLocationX type="NumericalFieldStatusValid">36.165893</ReportedLocationX>
		  <ReportedLocationY type="NumericalFieldStatusValid">-86.781522</ReportedLocationY>
		  <ReportedLocationZ type="NumericalFieldStatusValid">0</ReportedLocationZ>
		  <Content>Third</Content>
		  <Time type="NumericalFieldStatusValid">12000</Time>
		</SubType>
	  </Object>
	  
	  <Object type="ObjectTypeInformationItem">
		<Division>EMS</Division>
		<Announcement type="true">0</Announcement>
		<Detectable>true</Detectable>
		<RequiresClasification type="false"></RequiresClasification>
		<LocationX type="NumericalFieldStatusValid">36.166093</LocationX>
		<LocationY type="NumericalFieldStatusValid">-86.781522</LocationY>
		<LocationZ type="NumericalFieldStatusValid">0</LocationZ>
		<Heading>HeadingUnknown</Heading>
		<Velocity type="NumericalFieldStatusValid">0</Velocity>
		<SubType type="InformationItemType911Call">
		  <TimeReported type="NumericalFieldStatusValid">0</TimeReported>
		  <ReportedLocationX type="NumericalFieldStatusValid">36.166093</ReportedLocationX>
		  <ReportedLocationY type="NumericalFieldStatusValid">-86.781522</ReportedLocationY>
		  <ReportedLocationZ type="NumericalFieldStatusValid">0</ReportedLocationZ>
		  <Content>Fourth</Content>
		  <Time type="NumericalFieldStatusValid">13000</Time>
		</SubType>
	  </Object>
	  
	  <Object type="ObjectTypeInformationItem">
		<Division>EMS</Division>
		<Announcement type="true">0</Announcement>
		<Detectable>true</Detectable>
		<RequiresClasification type="false"></RequiresClasification>
		<LocationX type="NumericalFieldStatusValid">36.165993</LocationX>
		<LocationY type="NumericalFieldStatusValid">-86.781422</LocationY>
		<LocationZ type="NumericalFieldStatusValid">0</LocationZ>
		<Heading>HeadingUnknown</Heading>
		<Velocity type="NumericalFieldStatusValid">0</Velocity>
		<SubType type="InformationItemType911Call">
		  <TimeReported type="NumericalFieldStatusValid">0</TimeReported>
		  <ReportedLocationX type="NumericalFieldStatusValid">36.165993</ReportedLocationX>
		  <ReportedLocationY type="NumericalFieldStatusValid">-86.781422</ReportedLocationY>
		  <ReportedLocationZ type="NumericalFieldStatusValid">0</ReportedLocationZ>
		  <Content>Fifth</Content>
		  <Time type="NumericalFieldStatusValid">14000</Time>
		</SubType>
	  </Object>
	  
	  <Object type="ObjectTypeInformationItem">
		<Division>EMS</Division>
		<Announcement type="true">0</Announcement>
		<Detectable>true</Detectable>
		<RequiresClasification type="false"></RequiresClasification>
		<LocationX type="NumericalFieldStatusValid">36.165693</LocationX>
		<LocationY type="NumericalFieldStatusValid">-86.781522</LocationY>
		<LocationZ type="NumericalFieldStatusValid">0</LocationZ>
		<Heading>HeadingUnknown</Heading>
		<Velocity type="NumericalFieldStatusValid">0</Velocity>
		<SubType type="InformationItemType911Call">
		  <TimeReported type="NumericalFieldStatusValid">0</TimeReported>
		  <ReportedLocationX type="NumericalFieldStatusValid">36.165693</ReportedLocationX>
		  <ReportedLocationY type="NumericalFieldStatusValid">-86.781522</ReportedLocationY>
		  <ReportedLocationZ type="NumericalFieldStatusValid">0</ReportedLocationZ>
		  <Content>Sixth</Content>
		  <Time type="NumericalFieldStatusValid">16000</Time>
		</SubType>
	  </Object>
	  
  </Objects>
  
  
</Configuration>	  
	  
	  