<?xml version="1.0" encoding="utf-8"?>
<!-- Riverfront Victims no GVA -->
<Configuration>
	<Objects>	
		<!-- victimsTL1 1.0 -->
		<Object type="HumanTypeVictim">
			<SubType>victimTL1</SubType>
			<Division>EMS</Division>
			<Announcement type="true">0</Announcement>
			<Detectable>true</Detectable>
			<UsesGVA>true</UsesGVA>
			<PredeterminedImportance type="NumericalFieldStatusValid">0.0</PredeterminedImportance>
			<RequiresClassification type="false"></RequiresClassification>
			<LocationX type="NumericalFieldStatusValid">36.162871</LocationX>
			<LocationY type="NumericalFieldStatusValid">-86.774441</LocationY>
			<LocationZ type="NumericalFieldStatusValid">0</LocationZ>
			<Heading>HeadingUnknown</Heading>
			<Velocity type="NumericalFieldStatusValid">0</Velocity>
			<GroupingId>1101</GroupingId>
			<GroupingColor>#FF0000</GroupingColor>
			<ImageFile>images/victimtriagelevel1.png</ImageFile>
			<TimeReported type="NumericalFieldStatusValid">0</TimeReported>
			<ReportedLocationX type="NumericalFieldStatusValid">36.162871</ReportedLocationX>
			<ReportedLocationY type="NumericalFieldStatusValid">-86.774441</ReportedLocationY>
			<ReportedLocationZ type="NumericalFieldStatusValid">0</ReportedLocationZ>
			<Content>Ambulatory Victim, Triage Level 1 (1)</Content>
			<Title>Ambulatory Victim, Triage Level 1 (1)</Title>
			<Details>Respirations per minute: Unknown</Details>
			<Details>Pulse: Unknown</Details>
			<Details>Mental test results: Unknown</Details>
			<Details>Bleeding status: Unknown</Details>
			<Time type="NumericalFieldStatusValid">10666</Time>
		</Object>  
		
		
		<!-- victimsTL1 1.1 -->
		<Object type="HumanTypeVictim">
			<SubType>victimTL1</SubType>
			<Division>EMS</Division>
			<Announcement type="true">0</Announcement>
			<Detectable>true</Detectable>
			<UsesGVA>true</UsesGVA>
			<PredeterminedImportance type="NumericalFieldStatusValid">0.0</PredeterminedImportance>
			<RequiresClassification type="false"></RequiresClassification>
			<LocationX type="NumericalFieldStatusValid">36.162771</LocationX>
			<LocationY type="NumericalFieldStatusValid">-86.774447</LocationY>
			<LocationZ type="NumericalFieldStatusValid">0</LocationZ>
			<Heading>HeadingUnknown</Heading>
			<Velocity type="NumericalFieldStatusValid">0</Velocity>
			<GroupingId>1101</GroupingId>
			<GroupingColor>#FF0000</GroupingColor>
			<ImageFile>images/victimtriagelevel1.png</ImageFile>
			<TimeReported type="NumericalFieldStatusValid">0</TimeReported>
			<ReportedLocationX type="NumericalFieldStatusValid">36.162871</ReportedLocationX>
			<ReportedLocationY type="NumericalFieldStatusValid">-86.774441</ReportedLocationY>
			<ReportedLocationZ type="NumericalFieldStatusValid">0</ReportedLocationZ>
			<Content>Ambulatory Victim, Triage Level 1 (1)</Content>
			<Title>Ambulatory Victim, Triage Level 1 (1)</Title>
			<Details>Respirations per minute: Unknown</Details>
			<Details>Pulse: Unknown</Details>
			<Details>Mental test results: Unknown</Details>
			<Details>Bleeding status: Unknown</Details>
			<Time type="NumericalFieldStatusValid">10666</Time>
		</Object>  
		
		
		<!-- victimsTL1 1.2 -->
		<Object type="HumanTypeVictim">
			<SubType>victimTL1</SubType>
			<Division>EMS</Division>
			<Announcement type="true">0</Announcement>
			<Detectable>true</Detectable>
			<UsesGVA>true</UsesGVA>
			<PredeterminedImportance type="NumericalFieldStatusValid">0.0</PredeterminedImportance>
			<RequiresClassification type="false"></RequiresClassification>
			<LocationX type="NumericalFieldStatusValid">36.162861</LocationX>
			<LocationY type="NumericalFieldStatusValid">-86.774521</LocationY>
			<LocationZ type="NumericalFieldStatusValid">0</LocationZ>
			<Heading>HeadingUnknown</Heading>
			<Velocity type="NumericalFieldStatusValid">0</Velocity>
			<GroupingId>1101</GroupingId>
			<GroupingColor>#FF0000</GroupingColor>
			<ImageFile>images/victimtriagelevel1.png</ImageFile>
			<TimeReported type="NumericalFieldStatusValid">0</TimeReported>
			<ReportedLocationX type="NumericalFieldStatusValid">36.162871</ReportedLocationX>
			<ReportedLocationY type="NumericalFieldStatusValid">-86.774441</ReportedLocationY>
			<ReportedLocationZ type="NumericalFieldStatusValid">0</ReportedLocationZ>
			<Content>Ambulatory Victim, Triage Level 1 (1)</Content>
			<Title>Ambulatory Victim, Triage Level 1 (1)</Title>
			<Details>Respirations per minute: Unknown</Details>
			<Details>Pulse: Unknown</Details>
			<Details>Mental test results: Unknown</Details>
			<Details>Bleeding status: Unknown</Details>
			<Time type="NumericalFieldStatusValid">10666</Time>
		</Object>  
		
		
		<!-- victimsTL1 1.3 -->
		<Object type="HumanTypeVictim">
			<SubType>victimTL1</SubType>
			<Division>EMS</Division>
			<Announcement type="true">0</Announcement>
			<Detectable>true</Detectable>
			<UsesGVA>true</UsesGVA>
			<PredeterminedImportance type="NumericalFieldStatusValid">0.0</PredeterminedImportance>
			<RequiresClassification type="false"></RequiresClassification>
			<LocationX type="NumericalFieldStatusValid">36.162871</LocationX>
			<LocationY type="NumericalFieldStatusValid">-86.774391</LocationY>
			<LocationZ type="NumericalFieldStatusValid">0</LocationZ>
			<Heading>HeadingUnknown</Heading>
			<Velocity type="NumericalFieldStatusValid">0</Velocity>
			<GroupingId>1101</GroupingId>
			<GroupingColor>#FF0000</GroupingColor>
			<ImageFile>images/victimtriagelevel1.png</ImageFile>
			<TimeReported type="NumericalFieldStatusValid">0</TimeReported>
			<ReportedLocationX type="NumericalFieldStatusValid">36.162871</ReportedLocationX>
			<ReportedLocationY type="NumericalFieldStatusValid">-86.774441</ReportedLocationY>
			<ReportedLocationZ type="NumericalFieldStatusValid">0</ReportedLocationZ>
			<Content>Ambulatory Victim, Triage Level 1 (1)</Content>
			<Title>Ambulatory Victim, Triage Level 1 (1)</Title>
			<Details>Respirations per minute: Unknown</Details>
			<Details>Pulse: Unknown</Details>
			<Details>Mental test results: Unknown</Details>
			<Details>Bleeding status: Unknown</Details>
			<Time type="NumericalFieldStatusValid">10666</Time>
		</Object>  
		
		<!-- victimsTL1 2.0 -->
		<Object type="HumanTypeVictim">
			<SubType>victimTL1</SubType>
			<Division>EMS</Division>
			<Announcement type="true">0</Announcement>
			<Detectable>true</Detectable>
			<UsesGVA>true</UsesGVA>
			<PredeterminedImportance type="NumericalFieldStatusValid">0.0</PredeterminedImportance>
			<RequiresClassification type="false"></RequiresClassification>
			<LocationX type="NumericalFieldStatusValid">36.162941</LocationX>
			<LocationY type="NumericalFieldStatusValid">-86.774611</LocationY>
			<LocationZ type="NumericalFieldStatusValid">0</LocationZ>
			<Heading>HeadingUnknown</Heading>
			<Velocity type="NumericalFieldStatusValid">0</Velocity>
			<GroupingId>1101</GroupingId>
			<GroupingColor>#FF0000</GroupingColor>
			<ImageFile>images/victimtriagelevel1.png</ImageFile>
			<TimeReported type="NumericalFieldStatusValid">0</TimeReported>
			<ReportedLocationX type="NumericalFieldStatusValid">36.162871</ReportedLocationX>
			<ReportedLocationY type="NumericalFieldStatusValid">-86.774441</ReportedLocationY>
			<ReportedLocationZ type="NumericalFieldStatusValid">0</ReportedLocationZ>
			<Content>Ambulatory Victim, Triage Level 1 (1)</Content>
			<Title>Ambulatory Victim, Triage Level 1 (1)</Title>
			<Details>Respirations per minute: Unknown</Details>
			<Details>Pulse: Unknown</Details>
			<Details>Mental test results: Unknown</Details>
			<Details>Bleeding status: Unknown</Details>
			<Time type="NumericalFieldStatusValid">10666</Time>
		</Object>  
		
		<!-- victimsTL1 2.1 -->
		<Object type="HumanTypeVictim">
			<SubType>victimTL1</SubType>
			<Division>EMS</Division>
			<Announcement type="true">0</Announcement>
			<Detectable>true</Detectable>
			<UsesGVA>true</UsesGVA>
			<PredeterminedImportance type="NumericalFieldStatusValid">0.0</PredeterminedImportance>
			<RequiresClassification type="false"></RequiresClassification>
			<LocationX type="NumericalFieldStatusValid">36.162955</LocationX>
			<LocationY type="NumericalFieldStatusValid">-86.774591</LocationY>
			<LocationZ type="NumericalFieldStatusValid">0</LocationZ>
			<Heading>HeadingUnknown</Heading>
			<Velocity type="NumericalFieldStatusValid">0</Velocity>
			<GroupingId>1101</GroupingId>
			<GroupingColor>#FF0000</GroupingColor>
			<ImageFile>images/victimtriagelevel1.png</ImageFile>
			<TimeReported type="NumericalFieldStatusValid">0</TimeReported>
			<ReportedLocationX type="NumericalFieldStatusValid">36.162871</ReportedLocationX>
			<ReportedLocationY type="NumericalFieldStatusValid">-86.774441</ReportedLocationY>
			<ReportedLocationZ type="NumericalFieldStatusValid">0</ReportedLocationZ>
			<Content>Ambulatory Victim, Triage Level 1 (1)</Content>
			<Title>Ambulatory Victim, Triage Level 1 (1)</Title>
			<Details>Respirations per minute: Unknown</Details>
			<Details>Pulse: Unknown</Details>
			<Details>Mental test results: Unknown</Details>
			<Details>Bleeding status: Unknown</Details>
			<Time type="NumericalFieldStatusValid">10666</Time>
		</Object>    
		
		<!-- victimsTL1 2.2 -->
		<Object type="HumanTypeVictim">
			<SubType>victimTL1</SubType>
			<Division>EMS</Division>
			<Announcement type="true">0</Announcement>
			<Detectable>true</Detectable>
			<UsesGVA>true</UsesGVA>
			<PredeterminedImportance type="NumericalFieldStatusValid">0.0</PredeterminedImportance>
			<RequiresClassification type="false"></RequiresClassification>
			<LocationX type="NumericalFieldStatusValid">36.162941</LocationX>
			<LocationY type="NumericalFieldStatusValid">-86.774582</LocationY>
			<LocationZ type="NumericalFieldStatusValid">0</LocationZ>
			<Heading>HeadingUnknown</Heading>
			<Velocity type="NumericalFieldStatusValid">0</Velocity>
			<GroupingId>1101</GroupingId>
			<GroupingColor>#FF0000</GroupingColor>
			<ImageFile>images/victimtriagelevel1.png</ImageFile>
			<TimeReported type="NumericalFieldStatusValid">0</TimeReported>
			<ReportedLocationX type="NumericalFieldStatusValid">36.162871</ReportedLocationX>
			<ReportedLocationY type="NumericalFieldStatusValid">-86.774441</ReportedLocationY>
			<ReportedLocationZ type="NumericalFieldStatusValid">0</ReportedLocationZ>
			<Content>Ambulatory Victim, Triage Level 1 (1)</Content>
			<Title>Ambulatory Victim, Triage Level 1 (1)</Title>
			<Details>Respirations per minute: Unknown</Details>
			<Details>Pulse: Unknown</Details>
			<Details>Mental test results: Unknown</Details>
			<Details>Bleeding status: Unknown</Details>
			<Time type="NumericalFieldStatusValid">10666</Time>
		</Object>    
		
		<!-- victimsTL1 3.0 -->
		<Object type="HumanTypeVictim">
			<SubType>victimTL1</SubType>
			<Division>EMS</Division>
			<Announcement type="true">0</Announcement>
			<Detectable>true</Detectable>
			<UsesGVA>true</UsesGVA>
			<PredeterminedImportance type="NumericalFieldStatusValid">0.0</PredeterminedImportance>
			<RequiresClassification type="false"></RequiresClassification>
			<LocationX type="NumericalFieldStatusValid">36.162801</LocationX>
			<LocationY type="NumericalFieldStatusValid">-86.774391</LocationY>
			<LocationZ type="NumericalFieldStatusValid">0</LocationZ>
			<Heading>HeadingUnknown</Heading>
			<Velocity type="NumericalFieldStatusValid">0</Velocity>
			<GroupingId>1101</GroupingId>
			<GroupingColor>#FF0000</GroupingColor>
			<ImageFile>images/victimtriagelevel1.png</ImageFile>
			<TimeReported type="NumericalFieldStatusValid">0</TimeReported>
			<ReportedLocationX type="NumericalFieldStatusValid">36.162871</ReportedLocationX>
			<ReportedLocationY type="NumericalFieldStatusValid">-86.774441</ReportedLocationY>
			<ReportedLocationZ type="NumericalFieldStatusValid">0</ReportedLocationZ>
			<Content>Ambulatory Victim, Triage Level 1 (1)</Content>
			<Title>Ambulatory Victim, Triage Level 1 (1)</Title>
			<Details>Respirations per minute: Unknown</Details>
			<Details>Pulse: Unknown</Details>
			<Details>Mental test results: Unknown</Details>
			<Details>Bleeding status: Unknown</Details>
			<Time type="NumericalFieldStatusValid">10666</Time>
		</Object>  
		
		<!-- victimsTL1 3.1 -->
		<Object type="HumanTypeVictim">
			<SubType>victimTL1</SubType>
			<Division>EMS</Division>
			<Announcement type="true">0</Announcement>
			<Detectable>true</Detectable>
			<UsesGVA>true</UsesGVA>
			<PredeterminedImportance type="NumericalFieldStatusValid">0.0</PredeterminedImportance>
			<RequiresClassification type="false"></RequiresClassification>
			<LocationX type="NumericalFieldStatusValid">36.1628231</LocationX>
			<LocationY type="NumericalFieldStatusValid">-86.774494</LocationY>
			<LocationZ type="NumericalFieldStatusValid">0</LocationZ>
			<Heading>HeadingUnknown</Heading>
			<Velocity type="NumericalFieldStatusValid">0</Velocity>
			<GroupingId>1101</GroupingId>
			<GroupingColor>#FF0000</GroupingColor>
			<ImageFile>images/victimtriagelevel1.png</ImageFile>
			<TimeReported type="NumericalFieldStatusValid">0</TimeReported>
			<ReportedLocationX type="NumericalFieldStatusValid">36.162871</ReportedLocationX>
			<ReportedLocationY type="NumericalFieldStatusValid">-86.774441</ReportedLocationY>
			<ReportedLocationZ type="NumericalFieldStatusValid">0</ReportedLocationZ>
			<Content>Ambulatory Victim, Triage Level 1 (1)</Content>
			<Title>Ambulatory Victim, Triage Level 1 (1)</Title>
			<Details>Respirations per minute: Unknown</Details>
			<Details>Pulse: Unknown</Details>
			<Details>Mental test results: Unknown</Details>
			<Details>Bleeding status: Unknown</Details>
			<Time type="NumericalFieldStatusValid">10666</Time>
		</Object>  
		
		<!-- victimsTL1 3.2 -->
		<Object type="HumanTypeVictim">
			<SubType>victimTL1</SubType>
			<Division>EMS</Division>
			<Announcement type="true">0</Announcement>
			<Detectable>true</Detectable>
			<UsesGVA>true</UsesGVA>
			<PredeterminedImportance type="NumericalFieldStatusValid">0.0</PredeterminedImportance>
			<RequiresClassification type="false"></RequiresClassification>
			<LocationX type="NumericalFieldStatusValid">36.162781</LocationX>
			<LocationY type="NumericalFieldStatusValid">-86.774397</LocationY>
			<LocationZ type="NumericalFieldStatusValid">0</LocationZ>
			<Heading>HeadingUnknown</Heading>
			<Velocity type="NumericalFieldStatusValid">0</Velocity>
			<GroupingId>1101</GroupingId>
			<GroupingColor>#FF0000</GroupingColor>
			<ImageFile>images/victimtriagelevel1.png</ImageFile>
			<TimeReported type="NumericalFieldStatusValid">0</TimeReported>
			<ReportedLocationX type="NumericalFieldStatusValid">36.162871</ReportedLocationX>
			<ReportedLocationY type="NumericalFieldStatusValid">-86.774441</ReportedLocationY>
			<ReportedLocationZ type="NumericalFieldStatusValid">0</ReportedLocationZ>
			<Content>Ambulatory Victim, Triage Level 1 (1)</Content>
			<Title>Ambulatory Victim, Triage Level 1 (1)</Title>
			<Details>Respirations per minute: Unknown</Details>
			<Details>Pulse: Unknown</Details>
			<Details>Mental test results: Unknown</Details>
			<Details>Bleeding status: Unknown</Details>
			<Time type="NumericalFieldStatusValid">10666</Time>
		</Object>  
		
		<!-- victimsTL1 3.3 -->
		<Object type="HumanTypeVictim">
			<SubType>victimTL1</SubType>
			<Division>EMS</Division>
			<Announcement type="true">0</Announcement>
			<Detectable>true</Detectable>
			<UsesGVA>true</UsesGVA>
			<PredeterminedImportance type="NumericalFieldStatusValid">0.0</PredeterminedImportance>
			<RequiresClassification type="false"></RequiresClassification>
			<LocationX type="NumericalFieldStatusValid">36.162899</LocationX>
			<LocationY type="NumericalFieldStatusValid">-86.774526</LocationY>
			<LocationZ type="NumericalFieldStatusValid">0</LocationZ>
			<Heading>HeadingUnknown</Heading>
			<Velocity type="NumericalFieldStatusValid">0</Velocity>
			<GroupingId>1101</GroupingId>
			<GroupingColor>#FF0000</GroupingColor>
			<ImageFile>images/victimtriagelevel1.png</ImageFile>
			<TimeReported type="NumericalFieldStatusValid">0</TimeReported>
			<ReportedLocationX type="NumericalFieldStatusValid">36.162871</ReportedLocationX>
			<ReportedLocationY type="NumericalFieldStatusValid">-86.774441</ReportedLocationY>
			<ReportedLocationZ type="NumericalFieldStatusValid">0</ReportedLocationZ>
			<Content>Ambulatory Victim, Triage Level 1 (1)</Content>
			<Title>Ambulatory Victim, Triage Level 1 (1)</Title>
			<Details>Respirations per minute: Unknown</Details>
			<Details>Pulse: Unknown</Details>
			<Details>Mental test results: Unknown</Details>
			<Details>Bleeding status: Unknown</Details>
			<Time type="NumericalFieldStatusValid">10666</Time>
		</Object>  
		
		<!-- victimsTL1 4 -->
		<Object type="HumanTypeVictim">
			<SubType>victimTL1</SubType>
			<Division>EMS</Division>
			<Announcement type="true">0</Announcement>
			<Detectable>true</Detectable>
			<UsesGVA>true</UsesGVA>
			<PredeterminedImportance type="NumericalFieldStatusValid">0.0</PredeterminedImportance>
			<RequiresClassification type="false"></RequiresClassification>
			<LocationX type="NumericalFieldStatusValid">36.162871</LocationX>
			<LocationY type="NumericalFieldStatusValid">-86.77481</LocationY>
			<LocationZ type="NumericalFieldStatusValid">0</LocationZ>
			<Heading>HeadingUnknown</Heading>
			<Velocity type="NumericalFieldStatusValid">0</Velocity>
			<GroupingId>1101</GroupingId>
			<GroupingColor>#FF0000</GroupingColor>
			<ImageFile>images/victimtriagelevel1.png</ImageFile>
			<TimeReported type="NumericalFieldStatusValid">0</TimeReported>
			<ReportedLocationX type="NumericalFieldStatusValid">36.162871</ReportedLocationX>
			<ReportedLocationY type="NumericalFieldStatusValid">-86.774441</ReportedLocationY>
			<ReportedLocationZ type="NumericalFieldStatusValid">0</ReportedLocationZ>
			<Content>Ambulatory Victim, Triage Level 1 (1)</Content>
			<Title>Ambulatory Victim, Triage Level 1 (1)</Title>
			<Details>Respirations per minute: Unknown</Details>
			<Details>Pulse: Unknown</Details>
			<Details>Mental test results: Unknown</Details>
			<Details>Bleeding status: Unknown</Details>
			<Time type="NumericalFieldStatusValid">10666</Time>
		</Object>  
		
		<!-- victimsTL1 5 -->
		<Object type="HumanTypeVictim">
			<SubType>victimTL1</SubType>
			<Division>EMS</Division>
			<Announcement type="true">0</Announcement>
			<Detectable>true</Detectable>
			<UsesGVA>true</UsesGVA>
			<PredeterminedImportance type="NumericalFieldStatusValid">0.0</PredeterminedImportance>
			<RequiresClassification type="false"></RequiresClassification>
			<LocationX type="NumericalFieldStatusValid">36.162671</LocationX>
			<LocationY type="NumericalFieldStatusValid">-86.774461</LocationY>
			<LocationZ type="NumericalFieldStatusValid">0</LocationZ>
			<Heading>HeadingUnknown</Heading>
			<Velocity type="NumericalFieldStatusValid">0</Velocity>
			<GroupingId>1101</GroupingId>
			<GroupingColor>#FF0000</GroupingColor>
			<ImageFile>images/victimtriagelevel1.png</ImageFile>
			<TimeReported type="NumericalFieldStatusValid">0</TimeReported>
			<ReportedLocationX type="NumericalFieldStatusValid">36.162871</ReportedLocationX>
			<ReportedLocationY type="NumericalFieldStatusValid">-86.774441</ReportedLocationY>
			<ReportedLocationZ type="NumericalFieldStatusValid">0</ReportedLocationZ>
			<Content>Ambulatory Victim, Triage Level 1 (1)</Content>
			<Title>Ambulatory Victim, Triage Level 1 (1)</Title>
			<Details>Respirations per minute: Unknown</Details>
			<Details>Pulse: Unknown</Details>
			<Details>Mental test results: Unknown</Details>
			<Details>Bleeding status: Unknown</Details>
			<Time type="NumericalFieldStatusValid">10666</Time>
		</Object>  
		
		<!-- victimsTL1 6 -->
		<Object type="HumanTypeVictim">
			<SubType>victimTL1</SubType>
			<Division>EMS</Division>
			<Announcement type="true">0</Announcement>
			<Detectable>true</Detectable>
			<UsesGVA>true</UsesGVA>
			<PredeterminedImportance type="NumericalFieldStatusValid">0.0</PredeterminedImportance>
			<RequiresClassification type="false"></RequiresClassification>
			<LocationX type="NumericalFieldStatusValid">36.163006</LocationX>
			<LocationY type="NumericalFieldStatusValid">-86.774255</LocationY>
			<LocationZ type="NumericalFieldStatusValid">0</LocationZ>
			<Heading>HeadingUnknown</Heading>
			<Velocity type="NumericalFieldStatusValid">0</Velocity>
			<GroupingId>1101</GroupingId>
			<GroupingColor>#FF0000</GroupingColor>
			<ImageFile>images/victimtriagelevel1.png</ImageFile>
			<TimeReported type="NumericalFieldStatusValid">0</TimeReported>
			<ReportedLocationX type="NumericalFieldStatusValid">36.162871</ReportedLocationX>
			<ReportedLocationY type="NumericalFieldStatusValid">-86.774441</ReportedLocationY>
			<ReportedLocationZ type="NumericalFieldStatusValid">0</ReportedLocationZ>
			<Content>Ambulatory Victim, Triage Level 1 (1)</Content>
			<Title>Ambulatory Victim, Triage Level 1 (1)</Title>
			<Details>Respirations per minute: Unknown</Details>
			<Details>Pulse: Unknown</Details>
			<Details>Mental test results: Unknown</Details>
			<Details>Bleeding status: Unknown</Details>
			<Time type="NumericalFieldStatusValid">10666</Time>
		</Object>  
		
		<!-- victimsTL1 7.0-->
		<Object type="HumanTypeVictim">
			<SubType>victimTL1</SubType>
			<Division>EMS</Division>
			<Announcement type="true">0</Announcement>
			<Detectable>true</Detectable>
			<UsesGVA>true</UsesGVA>
			<PredeterminedImportance type="NumericalFieldStatusValid">0.0</PredeterminedImportance>
			<RequiresClassification type="false"></RequiresClassification>
			<LocationX type="NumericalFieldStatusValid">36.162842</LocationX>
			<LocationY type="NumericalFieldStatusValid">-86.774230</LocationY>
			<LocationZ type="NumericalFieldStatusValid">0</LocationZ>
			<Heading>HeadingUnknown</Heading>
			<Velocity type="NumericalFieldStatusValid">0</Velocity>
			<GroupingId>1101</GroupingId>
			<GroupingColor>#FF0000</GroupingColor>
			<ImageFile>images/victimtriagelevel1.png</ImageFile>
			<TimeReported type="NumericalFieldStatusValid">0</TimeReported>
			<ReportedLocationX type="NumericalFieldStatusValid">36.162871</ReportedLocationX>
			<ReportedLocationY type="NumericalFieldStatusValid">-86.774441</ReportedLocationY>
			<ReportedLocationZ type="NumericalFieldStatusValid">0</ReportedLocationZ>
			<Content>Ambulatory Victim, Triage Level 1 (1)</Content>
			<Title>Ambulatory Victim, Triage Level 1 (1)</Title>
			<Details>Respirations per minute: Unknown</Details>
			<Details>Pulse: Unknown</Details>
			<Details>Mental test results: Unknown</Details>
			<Details>Bleeding status: Unknown</Details>
			<Time type="NumericalFieldStatusValid">10666</Time>
		</Object>  
		
		<!-- victimsTL1 7.1 -->
		<Object type="HumanTypeVictim">
			<SubType>victimTL1</SubType>
			<Division>EMS</Division>
			<Announcement type="true">0</Announcement>
			<Detectable>true</Detectable>
			<UsesGVA>true</UsesGVA>
			<PredeterminedImportance type="NumericalFieldStatusValid">0.0</PredeterminedImportance>
			<RequiresClassification type="false"></RequiresClassification>
			<LocationX type="NumericalFieldStatusValid">36.162897</LocationX>
			<LocationY type="NumericalFieldStatusValid">-86.774229</LocationY>
			<LocationZ type="NumericalFieldStatusValid">0</LocationZ>
			<Heading>HeadingUnknown</Heading>
			<Velocity type="NumericalFieldStatusValid">0</Velocity>
			<GroupingId>1101</GroupingId>
			<GroupingColor>#FF0000</GroupingColor>
			<ImageFile>images/victimtriagelevel1.png</ImageFile>
			<TimeReported type="NumericalFieldStatusValid">0</TimeReported>
			<ReportedLocationX type="NumericalFieldStatusValid">36.162871</ReportedLocationX>
			<ReportedLocationY type="NumericalFieldStatusValid">-86.774441</ReportedLocationY>
			<ReportedLocationZ type="NumericalFieldStatusValid">0</ReportedLocationZ>
			<Content>Ambulatory Victim, Triage Level 1 (1)</Content>
			<Title>Ambulatory Victim, Triage Level 1 (1)</Title>
			<Details>Respirations per minute: Unknown</Details>
			<Details>Pulse: Unknown</Details>
			<Details>Mental test results: Unknown</Details>
			<Details>Bleeding status: Unknown</Details>
			<Time type="NumericalFieldStatusValid">10666</Time>
		</Object>  
		
		<!-- victimsTL1 7.2 -->
		<Object type="HumanTypeVictim">
			<SubType>victimTL1</SubType>
			<Division>EMS</Division>
			<Announcement type="true">0</Announcement>
			<Detectable>true</Detectable>
			<UsesGVA>true</UsesGVA>
			<PredeterminedImportance type="NumericalFieldStatusValid">0.0</PredeterminedImportance>
			<RequiresClassification type="false"></RequiresClassification>
			<LocationX type="NumericalFieldStatusValid">36.162841</LocationX>
			<LocationY type="NumericalFieldStatusValid">-86.774319</LocationY>
			<LocationZ type="NumericalFieldStatusValid">0</LocationZ>
			<Heading>HeadingUnknown</Heading>
			<Velocity type="NumericalFieldStatusValid">0</Velocity>
			<GroupingId>1101</GroupingId>
			<GroupingColor>#FF0000</GroupingColor>
			<ImageFile>images/victimtriagelevel1.png</ImageFile>
			<TimeReported type="NumericalFieldStatusValid">0</TimeReported>
			<ReportedLocationX type="NumericalFieldStatusValid">36.162871</ReportedLocationX>
			<ReportedLocationY type="NumericalFieldStatusValid">-86.774441</ReportedLocationY>
			<ReportedLocationZ type="NumericalFieldStatusValid">0</ReportedLocationZ>
			<Content>Ambulatory Victim, Triage Level 1 (1)</Content>
			<Title>Ambulatory Victim, Triage Level 1 (1)</Title>
			<Details>Respirations per minute: Unknown</Details>
			<Details>Pulse: Unknown</Details>
			<Details>Mental test results: Unknown</Details>
			<Details>Bleeding status: Unknown</Details>
			<Time type="NumericalFieldStatusValid">10666</Time>
		</Object>  
		
		<!-- victimsTL1 8 -->
		<Object type="HumanTypeVictim">
			<SubType>victimTL1</SubType>
			<Division>EMS</Division>
			<Announcement type="true">0</Announcement>
			<Detectable>true</Detectable>
			<UsesGVA>true</UsesGVA>
			<PredeterminedImportance type="NumericalFieldStatusValid">0.0</PredeterminedImportance>
			<RequiresClassification type="false"></RequiresClassification>
			<LocationX type="NumericalFieldStatusValid">36.163375</LocationX>
			<LocationY type="NumericalFieldStatusValid">-86.775014</LocationY>
			<LocationZ type="NumericalFieldStatusValid">0</LocationZ>
			<Heading>HeadingUnknown</Heading>
			<Velocity type="NumericalFieldStatusValid">0</Velocity>
			<GroupingId>1101</GroupingId>
			<GroupingColor>#FF0000</GroupingColor>
			<ImageFile>images/victimtriagelevel1.png</ImageFile>
			<TimeReported type="NumericalFieldStatusValid">0</TimeReported>
			<ReportedLocationX type="NumericalFieldStatusValid">36.162871</ReportedLocationX>
			<ReportedLocationY type="NumericalFieldStatusValid">-86.774441</ReportedLocationY>
			<ReportedLocationZ type="NumericalFieldStatusValid">0</ReportedLocationZ>
			<Content>Ambulatory Victim, Triage Level 1 (1)</Content>
			<Title>Ambulatory Victim, Triage Level 1 (1)</Title>
			<Details>Respirations per minute: Unknown</Details>
			<Details>Pulse: Unknown</Details>
			<Details>Mental test results: Unknown</Details>
			<Details>Bleeding status: Unknown</Details>
			<Time type="NumericalFieldStatusValid">10666</Time>
		</Object>  
		
		<!-- victimsTL1 9 -->
		<Object type="HumanTypeVictim">
			<SubType>victimTL1</SubType>
			<Division>EMS</Division>
			<Announcement type="true">0</Announcement>
			<Detectable>true</Detectable>
			<UsesGVA>true</UsesGVA>
			<PredeterminedImportance type="NumericalFieldStatusValid">0.0</PredeterminedImportance>
			<RequiresClassification type="false"></RequiresClassification>
			<LocationX type="NumericalFieldStatusValid">36.163166</LocationX>
			<LocationY type="NumericalFieldStatusValid">-86.774429</LocationY>
			<LocationZ type="NumericalFieldStatusValid">0</LocationZ>
			<Heading>HeadingUnknown</Heading>
			<Velocity type="NumericalFieldStatusValid">0</Velocity>
			<GroupingId>1101</GroupingId>
			<GroupingColor>#FF0000</GroupingColor>
			<ImageFile>images/victimtriagelevel1.png</ImageFile>
			<TimeReported type="NumericalFieldStatusValid">0</TimeReported>
			<ReportedLocationX type="NumericalFieldStatusValid">36.162871</ReportedLocationX>
			<ReportedLocationY type="NumericalFieldStatusValid">-86.774441</ReportedLocationY>
			<ReportedLocationZ type="NumericalFieldStatusValid">0</ReportedLocationZ>
			<Content>Ambulatory Victim, Triage Level 1 (1)</Content>
			<Title>Ambulatory Victim, Triage Level 1 (1)</Title>
			<Details>Respirations per minute: Unknown</Details>
			<Details>Pulse: Unknown</Details>
			<Details>Mental test results: Unknown</Details>
			<Details>Bleeding status: Unknown</Details>
			<Time type="NumericalFieldStatusValid">10666</Time>
		</Object>  
		
		<!-- victimsTL1 10.0 -->
		<Object type="HumanTypeVictim">
			<SubType>victimTL1</SubType>
			<Division>EMS</Division>
			<Announcement type="true">0</Announcement>
			<Detectable>true</Detectable>
			<UsesGVA>true</UsesGVA>
			<PredeterminedImportance type="NumericalFieldStatusValid">0.0</PredeterminedImportance>
			<RequiresClassification type="false"></RequiresClassification>
			<LocationX type="NumericalFieldStatusValid">36.162805</LocationX>
			<LocationY type="NumericalFieldStatusValid">-86.774592</LocationY>
			<LocationZ type="NumericalFieldStatusValid">0</LocationZ>
			<Heading>HeadingUnknown</Heading>
			<Velocity type="NumericalFieldStatusValid">0</Velocity>
			<GroupingId>1101</GroupingId>
			<GroupingColor>#FF0000</GroupingColor>
			<ImageFile>images/victimtriagelevel1.png</ImageFile>
			<TimeReported type="NumericalFieldStatusValid">0</TimeReported>
			<ReportedLocationX type="NumericalFieldStatusValid">36.162871</ReportedLocationX>
			<ReportedLocationY type="NumericalFieldStatusValid">-86.774441</ReportedLocationY>
			<ReportedLocationZ type="NumericalFieldStatusValid">0</ReportedLocationZ>
			<Content>Ambulatory Victim, Triage Level 1 (1)</Content>
			<Title>Ambulatory Victim, Triage Level 1 (1)</Title>
			<Details>Respirations per minute: Unknown</Details>
			<Details>Pulse: Unknown</Details>
			<Details>Mental test results: Unknown</Details>
			<Details>Bleeding status: Unknown</Details>
			<Time type="NumericalFieldStatusValid">10666</Time>
		</Object>  
		
		<!-- victimsTL1 10.1 -->
		<Object type="HumanTypeVictim">
			<SubType>victimTL1</SubType>
			<Division>EMS</Division>
			<Announcement type="true">0</Announcement>
			<Detectable>true</Detectable>
			<UsesGVA>true</UsesGVA>
			<PredeterminedImportance type="NumericalFieldStatusValid">0.0</PredeterminedImportance>
			<RequiresClassification type="false"></RequiresClassification>
			<LocationX type="NumericalFieldStatusValid">36.162845</LocationX>
			<LocationY type="NumericalFieldStatusValid">-86.774492</LocationY>
			<LocationZ type="NumericalFieldStatusValid">0</LocationZ>
			<Heading>HeadingUnknown</Heading>
			<Velocity type="NumericalFieldStatusValid">0</Velocity>
			<GroupingId>1101</GroupingId>
			<GroupingColor>#FF0000</GroupingColor>
			<ImageFile>images/victimtriagelevel1.png</ImageFile>
			<TimeReported type="NumericalFieldStatusValid">0</TimeReported>
			<ReportedLocationX type="NumericalFieldStatusValid">36.162871</ReportedLocationX>
			<ReportedLocationY type="NumericalFieldStatusValid">-86.774441</ReportedLocationY>
			<ReportedLocationZ type="NumericalFieldStatusValid">0</ReportedLocationZ>
			<Content>Ambulatory Victim, Triage Level 1 (1)</Content>
			<Title>Ambulatory Victim, Triage Level 1 (1)</Title>
			<Details>Respirations per minute: Unknown</Details>
			<Details>Pulse: Unknown</Details>
			<Details>Mental test results: Unknown</Details>
			<Details>Bleeding status: Unknown</Details>
			<Time type="NumericalFieldStatusValid">10666</Time>
		</Object>  
		
		<!-- victimsTL1 10.2 -->
		<Object type="HumanTypeVictim">
			<SubType>victimTL1</SubType>
			<Division>EMS</Division>
			<Announcement type="true">0</Announcement>
			<Detectable>true</Detectable>
			<UsesGVA>true</UsesGVA>
			<PredeterminedImportance type="NumericalFieldStatusValid">0.0</PredeterminedImportance>
			<RequiresClassification type="false"></RequiresClassification>
			<LocationX type="NumericalFieldStatusValid">36.162800</LocationX>
			<LocationY type="NumericalFieldStatusValid">-86.774507</LocationY>
			<LocationZ type="NumericalFieldStatusValid">0</LocationZ>
			<Heading>HeadingUnknown</Heading>
			<Velocity type="NumericalFieldStatusValid">0</Velocity>
			<GroupingId>1101</GroupingId>
			<GroupingColor>#FF0000</GroupingColor>
			<ImageFile>images/victimtriagelevel1.png</ImageFile>
			<TimeReported type="NumericalFieldStatusValid">0</TimeReported>
			<ReportedLocationX type="NumericalFieldStatusValid">36.162871</ReportedLocationX>
			<ReportedLocationY type="NumericalFieldStatusValid">-86.774441</ReportedLocationY>
			<ReportedLocationZ type="NumericalFieldStatusValid">0</ReportedLocationZ>
			<Content>Ambulatory Victim, Triage Level 1 (1)</Content>
			<Title>Ambulatory Victim, Triage Level 1 (1)</Title>
			<Details>Respirations per minute: Unknown</Details>
			<Details>Pulse: Unknown</Details>
			<Details>Mental test results: Unknown</Details>
			<Details>Bleeding status: Unknown</Details>
			<Time type="NumericalFieldStatusValid">10666</Time>
		</Object>  
		
		<!-- victimsTL2 1 -->
		<Object type="HumanTypeVictim">
			<SubType>victimTL2</SubType>
			<Division>EMS</Division>
			<Announcement type="true">0</Announcement>
			<Detectable>true</Detectable>
			<UsesGVA>true</UsesGVA>
			<PredeterminedImportance type="NumericalFieldStatusValid">0.0</PredeterminedImportance>
			<RequiresClassification type="false"></RequiresClassification>
			<LocationX type="NumericalFieldStatusValid">36.163003</LocationX>
			<LocationY type="NumericalFieldStatusValid">-86.774512</LocationY>
			<LocationZ type="NumericalFieldStatusValid">0</LocationZ>
			<Heading>HeadingUnknown</Heading>
			<Velocity type="NumericalFieldStatusValid">0</Velocity>
			<GroupingId>1102</GroupingId>
			<GroupingColor>#F5B800</GroupingColor>
			<ImageFile>images/victimtriagelevel2.png</ImageFile>
			<TimeReported type="NumericalFieldStatusValid">0</TimeReported>
			<ReportedLocationX type="NumericalFieldStatusValid">36.1630033</ReportedLocationX>
			<ReportedLocationY type="NumericalFieldStatusValid">-86.774592</ReportedLocationY>
			<ReportedLocationZ type="NumericalFieldStatusValid">0</ReportedLocationZ>
			<Content>Ambulatory Victim, Triage Level 2 (1)</Content>
			<Title>Ambulatory Victim, Triage Level 2 (1)</Title>
			<Details>Respirations per minute: Unknown</Details>
			<Details>Pulse: Unknown</Details>
			<Details>Mental test results: Unknown</Details>
			<Details>Bleeding status: Unknown</Details>
			<Time type="NumericalFieldStatusValid">10333</Time>
		</Object>  
		
		<!-- victimsTL2 2 -->
		<Object type="HumanTypeVictim">
			<SubType>victimTL2</SubType>
			<Division>EMS</Division>
			<Announcement type="true">0</Announcement>
			<Detectable>true</Detectable>
			<UsesGVA>true</UsesGVA>
			<PredeterminedImportance type="NumericalFieldStatusValid">0.0</PredeterminedImportance>
			<RequiresClassification type="false"></RequiresClassification>
			<LocationX type="NumericalFieldStatusValid">36.163124</LocationX>
			<LocationY type="NumericalFieldStatusValid">-86.77463</LocationY>
			<LocationZ type="NumericalFieldStatusValid">0</LocationZ>
			<Heading>HeadingUnknown</Heading>
			<Velocity type="NumericalFieldStatusValid">0</Velocity>
			<GroupingId>1102</GroupingId>
			<GroupingColor>#F5B800</GroupingColor>
			<ImageFile>images/victimtriagelevel2.png</ImageFile>
			<TimeReported type="NumericalFieldStatusValid">0</TimeReported>
			<ReportedLocationX type="NumericalFieldStatusValid">36.1630033</ReportedLocationX>
			<ReportedLocationY type="NumericalFieldStatusValid">-86.774592</ReportedLocationY>
			<ReportedLocationZ type="NumericalFieldStatusValid">0</ReportedLocationZ>
			<Content>Ambulatory Victim, Triage Level 2 (2)</Content>
			<Title>Ambulatory Victim, Triage Level 2 (2)</Title>
			<Details>Respirations per minute: Unknown</Details>
			<Details>Pulse: Unknown</Details>
			<Details>Mental test results: Unknown</Details>
			<Details>Bleeding status: Unknown</Details>
			<Time type="NumericalFieldStatusValid">10333</Time>
		</Object>  
		
		<!-- victimsTL2 3 -->
		<Object type="HumanTypeVictim">
			<SubType>victimTL2</SubType>
			<Division>EMS</Division>
			<Announcement type="true">0</Announcement>
			<Detectable>true</Detectable>
			<UsesGVA>true</UsesGVA>
			<PredeterminedImportance type="NumericalFieldStatusValid">0.0</PredeterminedImportance>
			<RequiresClassification type="false"></RequiresClassification>
			<LocationX type="NumericalFieldStatusValid">36.16336</LocationX>
			<LocationY type="NumericalFieldStatusValid">-86.774521</LocationY>
			<LocationZ type="NumericalFieldStatusValid">0</LocationZ>
			<Heading>HeadingUnknown</Heading>
			<Velocity type="NumericalFieldStatusValid">0</Velocity>
			<GroupingId>1102</GroupingId>
			<GroupingColor>#F5B800</GroupingColor>
			<ImageFile>images/victimtriagelevel2.png</ImageFile>
			<TimeReported type="NumericalFieldStatusValid">0</TimeReported>
			<ReportedLocationX type="NumericalFieldStatusValid">36.1630033</ReportedLocationX>
			<ReportedLocationY type="NumericalFieldStatusValid">-86.774592</ReportedLocationY>
			<ReportedLocationZ type="NumericalFieldStatusValid">0</ReportedLocationZ>
			<Content>Ambulatory Victim, Triage Level 2 (3)</Content>
			<Title>Ambulatory Victim, Triage Level 2 (3)</Title>
			<Details>Respirations per minute: Unknown</Details>
			<Details>Pulse: Unknown</Details>
			<Details>Mental test results: Unknown</Details>
			<Details>Bleeding status: Unknown</Details>
			<Time type="NumericalFieldStatusValid">10333</Time>
		</Object>  
		
		<!-- victimsTL2 4 -->
		<Object type="HumanTypeVictim">
			<SubType>victimTL2</SubType>
			<Division>EMS</Division>
			<Announcement type="true">0</Announcement>
			<Detectable>true</Detectable>
			<UsesGVA>true</UsesGVA>
			<PredeterminedImportance type="NumericalFieldStatusValid">0.0</PredeterminedImportance>
			<RequiresClassification type="false"></RequiresClassification>
			<LocationX type="NumericalFieldStatusValid">36.163555</LocationX>
			<LocationY type="NumericalFieldStatusValid">-86.774872</LocationY>
			<LocationZ type="NumericalFieldStatusValid">0</LocationZ>
			<Heading>HeadingUnknown</Heading>
			<Velocity type="NumericalFieldStatusValid">0</Velocity>
			<GroupingId>1102</GroupingId>
			<GroupingColor>#F5B800</GroupingColor>
			<ImageFile>images/victimtriagelevel2.png</ImageFile>
			<TimeReported type="NumericalFieldStatusValid">0</TimeReported>
			<ReportedLocationX type="NumericalFieldStatusValid">36.1630033</ReportedLocationX>
			<ReportedLocationY type="NumericalFieldStatusValid">-86.774592</ReportedLocationY>
			<ReportedLocationZ type="NumericalFieldStatusValid">0</ReportedLocationZ>
			<Content>Ambulatory Victim, Triage Level 4 (1)</Content>
			<Title>Ambulatory Victim, Triage Level 4 (1)</Title>
			<Details>Respirations per minute: Unknown</Details>
			<Details>Pulse: Unknown</Details>
			<Details>Mental test results: Unknown</Details>
			<Details>Bleeding status: Unknown</Details>
			<Time type="NumericalFieldStatusValid">10333</Time>
		</Object>		
		
		<!-- victimsTL3 1 -->
		<Object type="HumanTypeVictim">
			<SubType>victimTL3</SubType>
			<Division>EMS</Division>
			<Announcement type="true">0</Announcement>
			<Detectable>true</Detectable>
			<UsesGVA>true</UsesGVA>
			<PredeterminedImportance type="NumericalFieldStatusValid">0.0</PredeterminedImportance>
			<RequiresClassification type="false"></RequiresClassification>
			<LocationX type="NumericalFieldStatusValid">36.16342</LocationX>
			<LocationY type="NumericalFieldStatusValid">-86.774572</LocationY>
			<LocationZ type="NumericalFieldStatusValid">0</LocationZ>
			<Heading>HeadingUnknown</Heading>
			<Velocity type="NumericalFieldStatusValid">0</Velocity>
			<GroupingId>1103</GroupingId>
			<GroupingColor>#339933</GroupingColor>
			<ImageFile>images/victimtriagelevel3.png</ImageFile>
			<TimeReported type="NumericalFieldStatusValid">0</TimeReported>
			<ReportedLocationX type="NumericalFieldStatusValid">36.1630033</ReportedLocationX>
			<ReportedLocationY type="NumericalFieldStatusValid">-86.774592</ReportedLocationY>
			<ReportedLocationZ type="NumericalFieldStatusValid">0</ReportedLocationZ>
			<Content>Ambulatory Victim, Triage Level 3 (1)</Content>
			<Title>Ambulatory Victim, Triage Level 3 (1)</Title>
			<Details>Respirations per minute: Unknown</Details>
			<Details>Pulse: Unknown</Details>
			<Details>Mental test results: Unknown</Details>
			<Details>Bleeding status: Unknown</Details>
			<Time type="NumericalFieldStatusValid">10333</Time>
		</Object>		
		
		<!-- victimsTL3 2 -->
		<Object type="HumanTypeVictim">
			<SubType>victimTL3</SubType>
			<Division>EMS</Division>
			<Announcement type="true">0</Announcement>
			<Detectable>true</Detectable>
			<UsesGVA>true</UsesGVA>
			<PredeterminedImportance type="NumericalFieldStatusValid">0.0</PredeterminedImportance>
			<RequiresClassification type="false"></RequiresClassification>
			<LocationX type="NumericalFieldStatusValid">36.163442</LocationX>
			<LocationY type="NumericalFieldStatusValid">-86.774754</LocationY>
			<LocationZ type="NumericalFieldStatusValid">0</LocationZ>
			<Heading>HeadingUnknown</Heading>
			<Velocity type="NumericalFieldStatusValid">0</Velocity>
			<GroupingId>1103</GroupingId>
			<GroupingColor>#339933</GroupingColor>
			<ImageFile>images/victimtriagelevel3.png</ImageFile>
			<TimeReported type="NumericalFieldStatusValid">0</TimeReported>
			<ReportedLocationX type="NumericalFieldStatusValid">36.1630033</ReportedLocationX>
			<ReportedLocationY type="NumericalFieldStatusValid">-86.774592</ReportedLocationY>
			<ReportedLocationZ type="NumericalFieldStatusValid">0</ReportedLocationZ>
			<Content>Ambulatory Victim, Triage Level 3 (2)</Content>
			<Title>Ambulatory Victim, Triage Level 3 (2)</Title>
			<Details>Respirations per minute: Unknown</Details>
			<Details>Pulse: Unknown</Details>
			<Details>Mental test results: Unknown</Details>
			<Details>Bleeding status: Unknown</Details>
			<Time type="NumericalFieldStatusValid">10333</Time>
		</Object>		
		
		<!-- victimsTL3 3 -->
		<Object type="HumanTypeVictim">
			<SubType>victimTL3</SubType>
			<Division>EMS</Division>
			<Announcement type="true">0</Announcement>
			<Detectable>true</Detectable>
			<UsesGVA>true</UsesGVA>
			<PredeterminedImportance type="NumericalFieldStatusValid">0.0</PredeterminedImportance>
			<RequiresClassification type="false"></RequiresClassification>
			<LocationX type="NumericalFieldStatusValid">36.163355</LocationX>
			<LocationY type="NumericalFieldStatusValid">-86.774413</LocationY>
			<LocationZ type="NumericalFieldStatusValid">0</LocationZ>
			<Heading>HeadingUnknown</Heading>
			<Velocity type="NumericalFieldStatusValid">0</Velocity>
			<GroupingId>1103</GroupingId>
			<GroupingColor>#339933</GroupingColor>
			<ImageFile>images/victimtriagelevel3.png</ImageFile>
			<TimeReported type="NumericalFieldStatusValid">0</TimeReported>
			<ReportedLocationX type="NumericalFieldStatusValid">36.1630033</ReportedLocationX>
			<ReportedLocationY type="NumericalFieldStatusValid">-86.774592</ReportedLocationY>
			<ReportedLocationZ type="NumericalFieldStatusValid">0</ReportedLocationZ>
			<Content>Ambulatory Victim, Triage Level 3 (3)</Content>
			<Title>Ambulatory Victim, Triage Level 3 (3)</Title>
			<Details>Respirations per minute: Unknown</Details>
			<Details>Pulse: Unknown</Details>
			<Details>Mental test results: Unknown</Details>
			<Details>Bleeding status: Unknown</Details>
			<Time type="NumericalFieldStatusValid">10333</Time>
		</Object>		
		
		<!-- victimsTL3 4 -->
		<Object type="HumanTypeVictim">
			<SubType>victimTL3</SubType>
			<Division>EMS</Division>
			<Announcement type="true">0</Announcement>
			<Detectable>true</Detectable>
			<UsesGVA>true</UsesGVA>
			<PredeterminedImportance type="NumericalFieldStatusValid">0.0</PredeterminedImportance>
			<RequiresClassification type="false"></RequiresClassification>
			<LocationX type="NumericalFieldStatusValid">36.163319</LocationX>
			<LocationY type="NumericalFieldStatusValid">-86.774529</LocationY>
			<LocationZ type="NumericalFieldStatusValid">0</LocationZ>
			<Heading>HeadingUnknown</Heading>
			<Velocity type="NumericalFieldStatusValid">0</Velocity>
			<GroupingId>1103</GroupingId>
			<GroupingColor>#339933</GroupingColor>
			<ImageFile>images/victimtriagelevel3.png</ImageFile>
			<TimeReported type="NumericalFieldStatusValid">0</TimeReported>
			<ReportedLocationX type="NumericalFieldStatusValid">36.1630033</ReportedLocationX>
			<ReportedLocationY type="NumericalFieldStatusValid">-86.774592</ReportedLocationY>
			<ReportedLocationZ type="NumericalFieldStatusValid">0</ReportedLocationZ>
			<Content>Ambulatory Victim, Triage Level 3 (4)</Content>
			<Title>Ambulatory Victim, Triage Level 3 (4)</Title>
			<Details>Respirations per minute: Unknown</Details>
			<Details>Pulse: Unknown</Details>
			<Details>Mental test results: Unknown</Details>
			<Details>Bleeding status: Unknown</Details>
			<Time type="NumericalFieldStatusValid">10333</Time>
		</Object>		
		
		<!-- victimsTL3 5.0 -->
		<Object type="HumanTypeVictim">
			<SubType>victimTL3</SubType>
			<Division>EMS</Division>
			<Announcement type="true">0</Announcement>
			<Detectable>true</Detectable>
			<UsesGVA>true</UsesGVA>
			<PredeterminedImportance type="NumericalFieldStatusValid">0.0</PredeterminedImportance>
			<RequiresClassification type="false"></RequiresClassification>
			<LocationX type="NumericalFieldStatusValid">36.163752</LocationX>
			<LocationY type="NumericalFieldStatusValid">-86.775087</LocationY>
			<LocationZ type="NumericalFieldStatusValid">0</LocationZ>
			<Heading>HeadingUnknown</Heading>
			<Velocity type="NumericalFieldStatusValid">0</Velocity>
			<GroupingId>1103</GroupingId>
			<GroupingColor>#339933</GroupingColor>
			<ImageFile>images/victimtriagelevel3.png</ImageFile>
			<TimeReported type="NumericalFieldStatusValid">0</TimeReported>
			<ReportedLocationX type="NumericalFieldStatusValid">36.1630033</ReportedLocationX>
			<ReportedLocationY type="NumericalFieldStatusValid">-86.774592</ReportedLocationY>
			<ReportedLocationZ type="NumericalFieldStatusValid">0</ReportedLocationZ>
			<Content>Ambulatory Victim, Triage Level 3 (5)</Content>
			<Title>Ambulatory Victim, Triage Level 3 (5)</Title>
			<Details>Respirations per minute: Unknown</Details>
			<Details>Pulse: Unknown</Details>
			<Details>Mental test results: Unknown</Details>
			<Details>Bleeding status: Unknown</Details>
			<Time type="NumericalFieldStatusValid">10333</Time>
		</Object>			
		
		<!-- victimsTL3 5.1 -->
		<Object type="HumanTypeVictim">
			<SubType>victimTL3</SubType>
			<Division>EMS</Division>
			<Announcement type="true">0</Announcement>
			<Detectable>true</Detectable>
			<UsesGVA>true</UsesGVA>
			<PredeterminedImportance type="NumericalFieldStatusValid">0.0</PredeterminedImportance>
			<RequiresClassification type="false"></RequiresClassification>
			<LocationX type="NumericalFieldStatusValid">36.163767</LocationX>
			<LocationY type="NumericalFieldStatusValid">-86.775087</LocationY>
			<LocationZ type="NumericalFieldStatusValid">0</LocationZ>
			<Heading>HeadingUnknown</Heading>
			<Velocity type="NumericalFieldStatusValid">0</Velocity>
			<GroupingId>1103</GroupingId>
			<GroupingColor>#339933</GroupingColor>
			<ImageFile>images/victimtriagelevel3.png</ImageFile>
			<TimeReported type="NumericalFieldStatusValid">0</TimeReported>
			<ReportedLocationX type="NumericalFieldStatusValid">36.1630033</ReportedLocationX>
			<ReportedLocationY type="NumericalFieldStatusValid">-86.774592</ReportedLocationY>
			<ReportedLocationZ type="NumericalFieldStatusValid">0</ReportedLocationZ>
			<Content>Ambulatory Victim, Triage Level 3 (5)</Content>
			<Title>Ambulatory Victim, Triage Level 3 (5)</Title>
			<Details>Respirations per minute: Unknown</Details>
			<Details>Pulse: Unknown</Details>
			<Details>Mental test results: Unknown</Details>
			<Details>Bleeding status: Unknown</Details>
			<Time type="NumericalFieldStatusValid">10333</Time>
		</Object>		
		
		<!-- victimsTL3 5.1 -->
		<Object type="HumanTypeVictim">
			<SubType>victimTL3</SubType>
			<Division>EMS</Division>
			<Announcement type="true">0</Announcement>
			<Detectable>true</Detectable>
			<UsesGVA>true</UsesGVA>
			<PredeterminedImportance type="NumericalFieldStatusValid">0.0</PredeterminedImportance>
			<RequiresClassification type="false"></RequiresClassification>
			<LocationX type="NumericalFieldStatusValid">36.163752</LocationX>
			<LocationY type="NumericalFieldStatusValid">-86.775075</LocationY>
			<LocationZ type="NumericalFieldStatusValid">0</LocationZ>
			<Heading>HeadingUnknown</Heading>
			<Velocity type="NumericalFieldStatusValid">0</Velocity>
			<GroupingId>1103</GroupingId>
			<GroupingColor>#339933</GroupingColor>
			<ImageFile>images/victimtriagelevel3.png</ImageFile>
			<TimeReported type="NumericalFieldStatusValid">0</TimeReported>
			<ReportedLocationX type="NumericalFieldStatusValid">36.1630033</ReportedLocationX>
			<ReportedLocationY type="NumericalFieldStatusValid">-86.774592</ReportedLocationY>
			<ReportedLocationZ type="NumericalFieldStatusValid">0</ReportedLocationZ>
			<Content>Ambulatory Victim, Triage Level 3 (5)</Content>
			<Title>Ambulatory Victim, Triage Level 3 (5)</Title>
			<Details>Respirations per minute: Unknown</Details>
			<Details>Pulse: Unknown</Details>
			<Details>Mental test results: Unknown</Details>
			<Details>Bleeding status: Unknown</Details>
			<Time type="NumericalFieldStatusValid">10333</Time>
		</Object>		
		
		<!-- victimsTL3 5.2 -->
		<Object type="HumanTypeVictim">
			<SubType>victimTL3</SubType>
			<Division>EMS</Division>
			<Announcement type="true">0</Announcement>
			<Detectable>true</Detectable>
			<UsesGVA>true</UsesGVA>
			<PredeterminedImportance type="NumericalFieldStatusValid">0.0</PredeterminedImportance>
			<RequiresClassification type="false"></RequiresClassification>
			<LocationX type="NumericalFieldStatusValid">36.163757</LocationX>
			<LocationY type="NumericalFieldStatusValid">-86.775097</LocationY>
			<LocationZ type="NumericalFieldStatusValid">0</LocationZ>
			<Heading>HeadingUnknown</Heading>
			<Velocity type="NumericalFieldStatusValid">0</Velocity>
			<GroupingId>1103</GroupingId>
			<GroupingColor>#339933</GroupingColor>
			<ImageFile>images/victimtriagelevel3.png</ImageFile>
			<TimeReported type="NumericalFieldStatusValid">0</TimeReported>
			<ReportedLocationX type="NumericalFieldStatusValid">36.1630033</ReportedLocationX>
			<ReportedLocationY type="NumericalFieldStatusValid">-86.774592</ReportedLocationY>
			<ReportedLocationZ type="NumericalFieldStatusValid">0</ReportedLocationZ>
			<Content>Ambulatory Victim, Triage Level 3 (5)</Content>
			<Title>Ambulatory Victim, Triage Level 3 (5)</Title>
			<Details>Respirations per minute: Unknown</Details>
			<Details>Pulse: Unknown</Details>
			<Details>Mental test results: Unknown</Details>
			<Details>Bleeding status: Unknown</Details>
			<Time type="NumericalFieldStatusValid">10333</Time>
		</Object>		
		
		<!-- victimsTL3 5.3 -->
		<Object type="HumanTypeVictim">
			<SubType>victimTL3</SubType>
			<Division>EMS</Division>
			<Announcement type="true">0</Announcement>
			<Detectable>true</Detectable>
			<UsesGVA>true</UsesGVA>
			<PredeterminedImportance type="NumericalFieldStatusValid">0.0</PredeterminedImportance>
			<RequiresClassification type="false"></RequiresClassification>
			<LocationX type="NumericalFieldStatusValid">36.163763</LocationX>
			<LocationY type="NumericalFieldStatusValid">-86.775067</LocationY>
			<LocationZ type="NumericalFieldStatusValid">0</LocationZ>
			<Heading>HeadingUnknown</Heading>
			<Velocity type="NumericalFieldStatusValid">0</Velocity>
			<GroupingId>1103</GroupingId>
			<GroupingColor>#339933</GroupingColor>
			<ImageFile>images/victimtriagelevel3.png</ImageFile>
			<TimeReported type="NumericalFieldStatusValid">0</TimeReported>
			<ReportedLocationX type="NumericalFieldStatusValid">36.1630033</ReportedLocationX>
			<ReportedLocationY type="NumericalFieldStatusValid">-86.774592</ReportedLocationY>
			<ReportedLocationZ type="NumericalFieldStatusValid">0</ReportedLocationZ>
			<Content>Ambulatory Victim, Triage Level 3 (5)</Content>
			<Title>Ambulatory Victim, Triage Level 3 (5)</Title>
			<Details>Respirations per minute: Unknown</Details>
			<Details>Pulse: Unknown</Details>
			<Details>Mental test results: Unknown</Details>
			<Details>Bleeding status: Unknown</Details>
			<Time type="NumericalFieldStatusValid">10333</Time>
		</Object>	
		
		<!-- victimsTL3 6 -->
		<Object type="HumanTypeVictim">
			<SubType>victimTL3</SubType>
			<Division>EMS</Division>
			<Announcement type="true">0</Announcement>
			<Detectable>true</Detectable>
			<UsesGVA>true</UsesGVA>
			<PredeterminedImportance type="NumericalFieldStatusValid">0.0</PredeterminedImportance>
			<RequiresClassification type="false"></RequiresClassification>
			<LocationX type="NumericalFieldStatusValid">36.16394</LocationX>
			<LocationY type="NumericalFieldStatusValid">-86.775052</LocationY>
			<LocationZ type="NumericalFieldStatusValid">0</LocationZ>
			<Heading>HeadingUnknown</Heading>
			<Velocity type="NumericalFieldStatusValid">0</Velocity>
			<GroupingId>1103</GroupingId>
			<GroupingColor>#339933</GroupingColor>
			<ImageFile>images/victimtriagelevel3.png</ImageFile>
			<TimeReported type="NumericalFieldStatusValid">0</TimeReported>
			<ReportedLocationX type="NumericalFieldStatusValid">36.1630033</ReportedLocationX>
			<ReportedLocationY type="NumericalFieldStatusValid">-86.774592</ReportedLocationY>
			<ReportedLocationZ type="NumericalFieldStatusValid">0</ReportedLocationZ>
			<Content>Ambulatory Victim, Triage Level 3 (6)</Content>
			<Title>Ambulatory Victim, Triage Level 3 (6)</Title>
			<Details>Respirations per minute: Unknown</Details>
			<Details>Pulse: Unknown</Details>
			<Details>Mental test results: Unknown</Details>
			<Details>Bleeding status: Unknown</Details>
			<Time type="NumericalFieldStatusValid">10333</Time>
		</Object>
		
		<!-- victimsTL4 1 -->
		<Object type="HumanTypeVictim">
			<SubType>victimTL4</SubType>
			<Division>EMS</Division>
			<Announcement type="true">0</Announcement>
			<Detectable>true</Detectable>
			<UsesGVA>true</UsesGVA>
			<PredeterminedImportance type="NumericalFieldStatusValid">0.0</PredeterminedImportance>
			<RequiresClassification type="false"></RequiresClassification>
			<LocationX type="NumericalFieldStatusValid">36.16302</LocationX>
			<LocationY type="NumericalFieldStatusValid">-86.774759</LocationY>
			<LocationZ type="NumericalFieldStatusValid">0</LocationZ>
			<Heading>HeadingUnknown</Heading>
			<Velocity type="NumericalFieldStatusValid">0</Velocity>
			<GroupingId>1104</GroupingId>
			<GroupingColor>#3D3D3D</GroupingColor>
			<ImageFile>images/victimtriagelevel4.png</ImageFile>
			<TimeReported type="NumericalFieldStatusValid">0</TimeReported>
			<ReportedLocationX type="NumericalFieldStatusValid">36.1630033</ReportedLocationX>
			<ReportedLocationY type="NumericalFieldStatusValid">-86.77450</ReportedLocationY>
			<ReportedLocationZ type="NumericalFieldStatusValid">0</ReportedLocationZ>
			<Content>Ambulatory Victim, Triage Level 4 (1)</Content>
			<Title>Ambulatory Victim, Triage Level 4 (1)</Title>
			<Details>Respirations per minute: Unknown</Details>
			<Details>Pulse: Unknown</Details>
			<Details>Mental test results: Unknown</Details>
			<Details>Bleeding status: Unknown</Details>
			<Time type="NumericalFieldStatusValid">10333</Time>
		</Object>
		
		<!-- victimsTL4 2 -->
		<Object type="HumanTypeVictim">
			<SubType>victimTL4</SubType>
			<Division>EMS</Division>
			<Announcement type="true">0</Announcement>
			<Detectable>true</Detectable>
			<UsesGVA>true</UsesGVA>
			<PredeterminedImportance type="NumericalFieldStatusValid">0.0</PredeterminedImportance>
			<RequiresClassification type="false"></RequiresClassification>
			<LocationX type="NumericalFieldStatusValid">36.163053</LocationX>
			<LocationY type="NumericalFieldStatusValid">-86.774852</LocationY>
			<LocationZ type="NumericalFieldStatusValid">0</LocationZ>
			<Heading>HeadingUnknown</Heading>
			<Velocity type="NumericalFieldStatusValid">0</Velocity>
			<GroupingId>1104</GroupingId>
			<GroupingColor>#3D3D3D</GroupingColor>
			<ImageFile>images/victimtriagelevel4.png</ImageFile>
			<TimeReported type="NumericalFieldStatusValid">0</TimeReported>
			<ReportedLocationX type="NumericalFieldStatusValid">36.1630033</ReportedLocationX>
			<ReportedLocationY type="NumericalFieldStatusValid">-86.77450</ReportedLocationY>
			<ReportedLocationZ type="NumericalFieldStatusValid">0</ReportedLocationZ>
			<Content>Ambulatory Victim, Triage Level 4 (2)</Content>
			<Title>Ambulatory Victim, Triage Level 4 (2)</Title>
			<Details>Respirations per minute: Unknown</Details>
			<Details>Pulse: Unknown</Details>
			<Details>Mental test results: Unknown</Details>
			<Details>Bleeding status: Unknown</Details>
			<Time type="NumericalFieldStatusValid">10333</Time>
		</Object>
		
		<!-- victimsTL4 3 -->
		<Object type="HumanTypeVictim">
			<SubType>victimTL4</SubType>
			<Division>EMS</Division>
			<Announcement type="true">0</Announcement>
			<Detectable>true</Detectable>
			<UsesGVA>true</UsesGVA>
			<PredeterminedImportance type="NumericalFieldStatusValid">0.0</PredeterminedImportance>
			<RequiresClassification type="false"></RequiresClassification>
			<LocationX type="NumericalFieldStatusValid">36.163138</LocationX>
			<LocationY type="NumericalFieldStatusValid">-86.77472</LocationY>
			<LocationZ type="NumericalFieldStatusValid">0</LocationZ>
			<Heading>HeadingUnknown</Heading>
			<Velocity type="NumericalFieldStatusValid">0</Velocity>
			<GroupingId>1104</GroupingId>
			<GroupingColor>#3D3D3D</GroupingColor>
			<ImageFile>images/victimtriagelevel4.png</ImageFile>
			<TimeReported type="NumericalFieldStatusValid">0</TimeReported>
			<ReportedLocationX type="NumericalFieldStatusValid">36.1630033</ReportedLocationX>
			<ReportedLocationY type="NumericalFieldStatusValid">-86.77450</ReportedLocationY>
			<ReportedLocationZ type="NumericalFieldStatusValid">0</ReportedLocationZ>
			<Content>Ambulatory Victim, Triage Level 4 (3)</Content>
			<Title>Ambulatory Victim, Triage Level 4 (3)</Title>
			<Details>Respirations per minute: Unknown</Details>
			<Details>Pulse: Unknown</Details>
			<Details>Mental test results: Unknown</Details>
			<Details>Bleeding status: Unknown</Details>
			<Time type="NumericalFieldStatusValid">10333</Time>
		</Object>
		
		<!-- victimsTL5 1 -->
		<Object type="HumanTypeVictim">
			<SubType>victimTL5</SubType>
			<Division>EMS</Division>
			<Announcement type="true">0</Announcement>
			<Detectable>true</Detectable>
			<UsesGVA>true</UsesGVA>
			<PredeterminedImportance type="NumericalFieldStatusValid">0.0</PredeterminedImportance>
			<RequiresClassification type="false"></RequiresClassification>
			<LocationX type="NumericalFieldStatusValid">36.163541</LocationX>
			<LocationY type="NumericalFieldStatusValid">-86.774807</LocationY>
			<LocationZ type="NumericalFieldStatusValid">0</LocationZ>
			<Heading>HeadingUnknown</Heading>
			<Velocity type="NumericalFieldStatusValid">0</Velocity>
			<GroupingId>1105</GroupingId>
			<GroupingColor>#FFFFFF</GroupingColor>
			<ImageFile>images/victimtriagelevel5.png</ImageFile>
			<TimeReported type="NumericalFieldStatusValid">0</TimeReported>
			<ReportedLocationX type="NumericalFieldStatusValid">36.1630033</ReportedLocationX>
			<ReportedLocationY type="NumericalFieldStatusValid">-86.774592</ReportedLocationY>
			<ReportedLocationZ type="NumericalFieldStatusValid">0</ReportedLocationZ>
			<Content>Ambulatory Victim, Triage Level 5 (1)</Content>
			<Title>Ambulatory Victim, Triage Level 5 (1)</Title>
			<Details>Respirations per minute: Unknown</Details>
			<Details>Pulse: Unknown</Details>
			<Details>Mental test results: Unknown</Details>
			<Details>Bleeding status: Unknown</Details>
			<Time type="NumericalFieldStatusValid">10333</Time>
		</Object>
		
		<!-- victimsTL5 2 -->
		<Object type="HumanTypeVictim">
			<SubType>victimTL5</SubType>
			<Division>EMS</Division>
			<Announcement type="true">0</Announcement>
			<Detectable>true</Detectable>
			<UsesGVA>true</UsesGVA>
			<PredeterminedImportance type="NumericalFieldStatusValid">0.0</PredeterminedImportance>
			<RequiresClassification type="false"></RequiresClassification>
			<LocationX type="NumericalFieldStatusValid">36.163238</LocationX>
			<LocationY type="NumericalFieldStatusValid">-86.774931</LocationY>
			<LocationZ type="NumericalFieldStatusValid">0</LocationZ>
			<Heading>HeadingUnknown</Heading>
			<Velocity type="NumericalFieldStatusValid">0</Velocity>
			<GroupingId>1105</GroupingId>
			<GroupingColor>#FFFFFF</GroupingColor>
			<ImageFile>images/victimtriagelevel5.png</ImageFile>
			<TimeReported type="NumericalFieldStatusValid">0</TimeReported>
			<ReportedLocationX type="NumericalFieldStatusValid">36.1630033</ReportedLocationX>
			<ReportedLocationY type="NumericalFieldStatusValid">-86.774592</ReportedLocationY>
			<ReportedLocationZ type="NumericalFieldStatusValid">0</ReportedLocationZ>
			<Content>Ambulatory Victim, Triage Level 5 (1)</Content>
			<Title>Ambulatory Victim, Triage Level 5 (1)</Title>
			<Details>Respirations per minute: Unknown</Details>
			<Details>Pulse: Unknown</Details>
			<Details>Mental test results: Unknown</Details>
			<Details>Bleeding status: Unknown</Details>
			<Time type="NumericalFieldStatusValid">10333</Time>
		</Object>
		
		<!-- victimTL1Nonamb 1 -->
		<Object type="HumanTypeVictim">
			<SubType>victimTL1Nonamb</SubType>
			<Division>EMS</Division>
			<Announcement type="true">0</Announcement>
			<Detectable>true</Detectable>
			<UsesGVA>true</UsesGVA>
			<PredeterminedImportance type="NumericalFieldStatusValid">0.0</PredeterminedImportance>
			<RequiresClassification type="false"></RequiresClassification>
			<LocationX type="NumericalFieldStatusValid">36.163767</LocationX>
			<LocationY type="NumericalFieldStatusValid">-86.774739</LocationY>
			<LocationZ type="NumericalFieldStatusValid">0</LocationZ>
			<Heading>HeadingUnknown</Heading>
			<Velocity type="NumericalFieldStatusValid">0</Velocity>
			<GroupingId>1111</GroupingId>
			<GroupingColor>#FF0000</GroupingColor>
			<ImageFile>images/victimtriagelevel1nonambulatory.png</ImageFile>
			<TimeReported type="NumericalFieldStatusValid">0</TimeReported>
			<ReportedLocationX type="NumericalFieldStatusValid">36.1630033</ReportedLocationX>
			<ReportedLocationY type="NumericalFieldStatusValid">-86.774592</ReportedLocationY>
			<ReportedLocationZ type="NumericalFieldStatusValid">0</ReportedLocationZ>
			<Content>Non-Ambulatory Victim, Triage Level 1 (1)</Content>
			<Title>Non-Ambulatory Victim, Triage Level 1 (1)</Title>
			<Details>Respirations per minute: Unknown</Details>
			<Details>Pulse: Unknown</Details>
			<Details>Mental test results: Unknown</Details>
			<Details>Bleeding status: Unknown</Details>
			<Time type="NumericalFieldStatusValid">10333</Time>
		</Object>
		
		<!-- victimTL1Nonamb 2 -->
		<Object type="HumanTypeVictim">
			<SubType>victimTL1Nonamb</SubType>
			<Division>EMS</Division>
			<Announcement type="true">0</Announcement>
			<Detectable>true</Detectable>
			<UsesGVA>true</UsesGVA>
			<PredeterminedImportance type="NumericalFieldStatusValid">0.0</PredeterminedImportance>
			<RequiresClassification type="false"></RequiresClassification>
			<LocationX type="NumericalFieldStatusValid">36.163721</LocationX>
			<LocationY type="NumericalFieldStatusValid">-86.774727</LocationY>
			<LocationZ type="NumericalFieldStatusValid">0</LocationZ>
			<Heading>HeadingUnknown</Heading>
			<Velocity type="NumericalFieldStatusValid">0</Velocity>
			<GroupingId>1111</GroupingId>
			<GroupingColor>#FF0000</GroupingColor>
			<ImageFile>images/victimtriagelevel1nonambulatory.png</ImageFile>
			<TimeReported type="NumericalFieldStatusValid">0</TimeReported>
			<ReportedLocationX type="NumericalFieldStatusValid">36.1630033</ReportedLocationX>
			<ReportedLocationY type="NumericalFieldStatusValid">-86.774592</ReportedLocationY>
			<ReportedLocationZ type="NumericalFieldStatusValid">0</ReportedLocationZ>
			<Content>Non-Ambulatory Victim, Triage Level 1 (2)</Content>
			<Title>Non-Ambulatory Victim, Triage Level 1 (2)</Title>
			<Details>Respirations per minute: Unknown</Details>
			<Details>Pulse: Unknown</Details>
			<Details>Mental test results: Unknown</Details>
			<Details>Bleeding status: Unknown</Details>
			<Time type="NumericalFieldStatusValid">10333</Time>
		</Object>
		
		<!-- victimTL1Nonamb 3 -->
		<Object type="HumanTypeVictim">
			<SubType>victimTL1Nonamb</SubType>
			<Division>EMS</Division>
			<Announcement type="true">0</Announcement>
			<Detectable>true</Detectable>
			<UsesGVA>true</UsesGVA>
			<PredeterminedImportance type="NumericalFieldStatusValid">0.0</PredeterminedImportance>
			<RequiresClassification type="false"></RequiresClassification>
			<LocationX type="NumericalFieldStatusValid">36.163643</LocationX>
			<LocationY type="NumericalFieldStatusValid">-86.774684</LocationY>
			<LocationZ type="NumericalFieldStatusValid">0</LocationZ>
			<Heading>HeadingUnknown</Heading>
			<Velocity type="NumericalFieldStatusValid">0</Velocity>
			<GroupingId>1111</GroupingId>
			<GroupingColor>#FF0000</GroupingColor>
			<ImageFile>images/victimtriagelevel1nonambulatory.png</ImageFile>
			<TimeReported type="NumericalFieldStatusValid">0</TimeReported>
			<ReportedLocationX type="NumericalFieldStatusValid">36.1630033</ReportedLocationX>
			<ReportedLocationY type="NumericalFieldStatusValid">-86.774592</ReportedLocationY>
			<ReportedLocationZ type="NumericalFieldStatusValid">0</ReportedLocationZ>
			<Content>Non-Ambulatory Victim, Triage Level 1 (3)</Content>
			<Title>Non-Ambulatory Victim, Triage Level 1 (3)</Title>
			<Details>Respirations per minute: Unknown</Details>
			<Details>Pulse: Unknown</Details>
			<Details>Mental test results: Unknown</Details>
			<Details>Bleeding status: Unknown</Details>
			<Time type="NumericalFieldStatusValid">10333</Time>
		</Object>
		
		<!-- victimTL1Nonamb 4 -->
		<Object type="HumanTypeVictim">
			<SubType>victimTL1Nonamb</SubType>
			<Division>EMS</Division>
			<Announcement type="true">0</Announcement>
			<Detectable>true</Detectable>
			<UsesGVA>true</UsesGVA>
			<PredeterminedImportance type="NumericalFieldStatusValid">0.0</PredeterminedImportance>
			<RequiresClassification type="false"></RequiresClassification>
			<LocationX type="NumericalFieldStatusValid">36.163559</LocationX>
			<LocationY type="NumericalFieldStatusValid">-86.77462</LocationY>
			<LocationZ type="NumericalFieldStatusValid">0</LocationZ>
			<Heading>HeadingUnknown</Heading>
			<Velocity type="NumericalFieldStatusValid">0</Velocity>
			<GroupingId>1111</GroupingId>
			<GroupingColor>#FF0000</GroupingColor>
			<ImageFile>images/victimtriagelevel1nonambulatory.png</ImageFile>
			<TimeReported type="NumericalFieldStatusValid">0</TimeReported>
			<ReportedLocationX type="NumericalFieldStatusValid">36.1630033</ReportedLocationX>
			<ReportedLocationY type="NumericalFieldStatusValid">-86.774592</ReportedLocationY>
			<ReportedLocationZ type="NumericalFieldStatusValid">0</ReportedLocationZ>
			<Content>Non-Ambulatory Victim, Triage Level 1 (1)</Content>
			<Title>Non-Ambulatory Victim, Triage Level 1 (1)</Title>
			<Details>Respirations per minute: Unknown</Details>
			<Details>Pulse: Unknown</Details>
			<Details>Mental test results: Unknown</Details>
			<Details>Bleeding status: Unknown</Details>
			<Time type="NumericalFieldStatusValid">10333</Time>
		</Object>
		
		<!-- victimTL2Nonamb 1 -->
		<Object type="HumanTypeVictim">
			<SubType>victimTL2Nonamb</SubType>
			<Division>EMS</Division>
			<Announcement type="true">0</Announcement>
			<Detectable>true</Detectable>
			<UsesGVA>true</UsesGVA>
			<PredeterminedImportance type="NumericalFieldStatusValid">0.0</PredeterminedImportance>
			<RequiresClassification type="false"></RequiresClassification>
			<LocationX type="NumericalFieldStatusValid">36.163507</LocationX>
			<LocationY type="NumericalFieldStatusValid">-86.774953</LocationY>
			<LocationZ type="NumericalFieldStatusValid">0</LocationZ>
			<Heading>HeadingUnknown</Heading>
			<Velocity type="NumericalFieldStatusValid">0</Velocity>
			<GroupingId>1112</GroupingId>
			<GroupingColor>#F5B800</GroupingColor>
			<ImageFile>images/victimtriagelevel2nonambulatory.png</ImageFile>
			<TimeReported type="NumericalFieldStatusValid">0</TimeReported>
			<ReportedLocationX type="NumericalFieldStatusValid">36.1630033</ReportedLocationX>
			<ReportedLocationY type="NumericalFieldStatusValid">-86.774592</ReportedLocationY>
			<ReportedLocationZ type="NumericalFieldStatusValid">0</ReportedLocationZ>
			<Content>Non-Ambulatory Victim, Triage Level 2 (1)</Content>
			<Title>Non-Ambulatory Victim, Triage Level 2 (1)</Title>
			<Details>Respirations per minute: Unknown</Details>
			<Details>Pulse: Unknown</Details>
			<Details>Mental test results: Unknown</Details>
			<Details>Bleeding status: Unknown</Details>
			<Time type="NumericalFieldStatusValid">10333</Time>
		</Object>
		
		<!-- victimTL3Nonamb 1.0 -->
		<Object type="HumanTypeVictim">
			<SubType>victimTL3Nonamb</SubType>
			<Division>EMS</Division>
			<Announcement type="true">0</Announcement>
			<Detectable>true</Detectable>
			<UsesGVA>true</UsesGVA>
			<PredeterminedImportance type="NumericalFieldStatusValid">0.0</PredeterminedImportance>
			<RequiresClassification type="false"></RequiresClassification>
			<LocationX type="NumericalFieldStatusValid">36.163345</LocationX>
			<LocationY type="NumericalFieldStatusValid">-86.774974</LocationY>
			<LocationZ type="NumericalFieldStatusValid">0</LocationZ>
			<Heading>HeadingUnknown</Heading>
			<Velocity type="NumericalFieldStatusValid">0</Velocity>
			<GroupingId>1113</GroupingId>
			<GroupingColor>#339933</GroupingColor>
			<ImageFile>images/victimtriagelevel3nonambulatory.png</ImageFile>
			<TimeReported type="NumericalFieldStatusValid">0</TimeReported>
			<ReportedLocationX type="NumericalFieldStatusValid">36.1630033</ReportedLocationX>
			<ReportedLocationY type="NumericalFieldStatusValid">-86.774592</ReportedLocationY>
			<ReportedLocationZ type="NumericalFieldStatusValid">0</ReportedLocationZ>
			<Content>Non-Ambulatory Victim, Triage Level 3 (1)</Content>
			<Title>Non-Ambulatory Victim, Triage Level 3 (1)</Title>
			<Details>Respirations per minute: Unknown</Details>
			<Details>Pulse: Unknown</Details>
			<Details>Mental test results: Unknown</Details>
			<Details>Bleeding status: Unknown</Details>
			<Time type="NumericalFieldStatusValid">10333</Time>
		</Object>
		
		<!-- victimTL3Nonamb 1.1 -->
		<Object type="HumanTypeVictim">
			<SubType>victimTL3Nonamb</SubType>
			<Division>EMS</Division>
			<Announcement type="true">0</Announcement>
			<Detectable>true</Detectable>
			<UsesGVA>true</UsesGVA>
			<PredeterminedImportance type="NumericalFieldStatusValid">0.0</PredeterminedImportance>
			<RequiresClassification type="false"></RequiresClassification>
			<LocationX type="NumericalFieldStatusValid">36.163325</LocationX>
			<LocationY type="NumericalFieldStatusValid">-86.774934</LocationY>
			<LocationZ type="NumericalFieldStatusValid">0</LocationZ>
			<Heading>HeadingUnknown</Heading>
			<Velocity type="NumericalFieldStatusValid">0</Velocity>
			<GroupingId>1113</GroupingId>
			<GroupingColor>#339933</GroupingColor>
			<ImageFile>images/victimtriagelevel3nonambulatory.png</ImageFile>
			<TimeReported type="NumericalFieldStatusValid">0</TimeReported>
			<ReportedLocationX type="NumericalFieldStatusValid">36.1630033</ReportedLocationX>
			<ReportedLocationY type="NumericalFieldStatusValid">-86.774592</ReportedLocationY>
			<ReportedLocationZ type="NumericalFieldStatusValid">0</ReportedLocationZ>
			<Content>Non-Ambulatory Victim, Triage Level 3 (1)</Content>
			<Title>Non-Ambulatory Victim, Triage Level 3 (1)</Title>
			<Details>Respirations per minute: Unknown</Details>
			<Details>Pulse: Unknown</Details>
			<Details>Mental test results: Unknown</Details>
			<Details>Bleeding status: Unknown</Details>
			<Time type="NumericalFieldStatusValid">10333</Time>
		</Object>
		
		<!-- victimTL3Nonamb 1.2 -->
		<Object type="HumanTypeVictim">
			<SubType>victimTL3Nonamb</SubType>
			<Division>EMS</Division>
			<Announcement type="true">0</Announcement>
			<Detectable>true</Detectable>
			<UsesGVA>true</UsesGVA>
			<PredeterminedImportance type="NumericalFieldStatusValid">0.0</PredeterminedImportance>
			<RequiresClassification type="false"></RequiresClassification>
			<LocationX type="NumericalFieldStatusValid">36.163329</LocationX>
			<LocationY type="NumericalFieldStatusValid">-86.774984</LocationY>
			<LocationZ type="NumericalFieldStatusValid">0</LocationZ>
			<Heading>HeadingUnknown</Heading>
			<Velocity type="NumericalFieldStatusValid">0</Velocity>
			<GroupingId>1113</GroupingId>
			<GroupingColor>#339933</GroupingColor>
			<ImageFile>images/victimtriagelevel3nonambulatory.png</ImageFile>
			<TimeReported type="NumericalFieldStatusValid">0</TimeReported>
			<ReportedLocationX type="NumericalFieldStatusValid">36.1630033</ReportedLocationX>
			<ReportedLocationY type="NumericalFieldStatusValid">-86.774592</ReportedLocationY>
			<ReportedLocationZ type="NumericalFieldStatusValid">0</ReportedLocationZ>
			<Content>Non-Ambulatory Victim, Triage Level 3 (1)</Content>
			<Title>Non-Ambulatory Victim, Triage Level 3 (1)</Title>
			<Details>Respirations per minute: Unknown</Details>
			<Details>Pulse: Unknown</Details>
			<Details>Mental test results: Unknown</Details>
			<Details>Bleeding status: Unknown</Details>
			<Time type="NumericalFieldStatusValid">10333</Time>
		</Object>
		
		<!-- victimTL3Nonamb 1.3 -->
		<Object type="HumanTypeVictim">
			<SubType>victimTL3Nonamb</SubType>
			<Division>EMS</Division>
			<Announcement type="true">0</Announcement>
			<Detectable>true</Detectable>
			<UsesGVA>true</UsesGVA>
			<PredeterminedImportance type="NumericalFieldStatusValid">0.0</PredeterminedImportance>
			<RequiresClassification type="false"></RequiresClassification>
			<LocationX type="NumericalFieldStatusValid">36.163355</LocationX>
			<LocationY type="NumericalFieldStatusValid">-86.775014</LocationY>
			<LocationZ type="NumericalFieldStatusValid">0</LocationZ>
			<Heading>HeadingUnknown</Heading>
			<Velocity type="NumericalFieldStatusValid">0</Velocity>
			<GroupingId>1113</GroupingId>
			<GroupingColor>#339933</GroupingColor>
			<ImageFile>images/victimtriagelevel3nonambulatory.png</ImageFile>
			<TimeReported type="NumericalFieldStatusValid">0</TimeReported>
			<ReportedLocationX type="NumericalFieldStatusValid">36.1630033</ReportedLocationX>
			<ReportedLocationY type="NumericalFieldStatusValid">-86.774592</ReportedLocationY>
			<ReportedLocationZ type="NumericalFieldStatusValid">0</ReportedLocationZ>
			<Content>Non-Ambulatory Victim, Triage Level 3 (1)</Content>
			<Title>Non-Ambulatory Victim, Triage Level 3 (1)</Title>
			<Details>Respirations per minute: Unknown</Details>
			<Details>Pulse: Unknown</Details>
			<Details>Mental test results: Unknown</Details>
			<Details>Bleeding status: Unknown</Details>
			<Time type="NumericalFieldStatusValid">10333</Time>
		</Object>
		
		<!-- victimTL3Nonamb 1.4 -->
		<Object type="HumanTypeVictim">
			<SubType>victimTL3Nonamb</SubType>
			<Division>EMS</Division>
			<Announcement type="true">0</Announcement>
			<Detectable>true</Detectable>
			<UsesGVA>true</UsesGVA>
			<PredeterminedImportance type="NumericalFieldStatusValid">0.0</PredeterminedImportance>
			<RequiresClassification type="false"></RequiresClassification>
			<LocationX type="NumericalFieldStatusValid">36.163375</LocationX>
			<LocationY type="NumericalFieldStatusValid">-86.774864</LocationY>
			<LocationZ type="NumericalFieldStatusValid">0</LocationZ>
			<Heading>HeadingUnknown</Heading>
			<Velocity type="NumericalFieldStatusValid">0</Velocity>
			<GroupingId>1113</GroupingId>
			<GroupingColor>#339933</GroupingColor>
			<ImageFile>images/victimtriagelevel3nonambulatory.png</ImageFile>
			<TimeReported type="NumericalFieldStatusValid">0</TimeReported>
			<ReportedLocationX type="NumericalFieldStatusValid">36.1630033</ReportedLocationX>
			<ReportedLocationY type="NumericalFieldStatusValid">-86.774592</ReportedLocationY>
			<ReportedLocationZ type="NumericalFieldStatusValid">0</ReportedLocationZ>
			<Content>Non-Ambulatory Victim, Triage Level 3 (1)</Content>
			<Title>Non-Ambulatory Victim, Triage Level 3 (1)</Title>
			<Details>Respirations per minute: Unknown</Details>
			<Details>Pulse: Unknown</Details>
			<Details>Mental test results: Unknown</Details>
			<Details>Bleeding status: Unknown</Details>
			<Time type="NumericalFieldStatusValid">10333</Time>
		</Object>
		
		<!-- victimTL3Nonamb 1.5 -->
		<Object type="HumanTypeVictim">
			<SubType>victimTL3Nonamb</SubType>
			<Division>EMS</Division>
			<Announcement type="true">0</Announcement>
			<Detectable>true</Detectable>
			<UsesGVA>true</UsesGVA>
			<PredeterminedImportance type="NumericalFieldStatusValid">0.0</PredeterminedImportance>
			<RequiresClassification type="false"></RequiresClassification>
			<LocationX type="NumericalFieldStatusValid">36.163429</LocationX>
			<LocationY type="NumericalFieldStatusValid">-86.774879</LocationY>
			<LocationZ type="NumericalFieldStatusValid">0</LocationZ>
			<Heading>HeadingUnknown</Heading>
			<Velocity type="NumericalFieldStatusValid">0</Velocity>
			<GroupingId>1113</GroupingId>
			<GroupingColor>#339933</GroupingColor>
			<ImageFile>images/victimtriagelevel3nonambulatory.png</ImageFile>
			<TimeReported type="NumericalFieldStatusValid">0</TimeReported>
			<ReportedLocationX type="NumericalFieldStatusValid">36.1630133</ReportedLocationX>
			<ReportedLocationY type="NumericalFieldStatusValid">-86.774592</ReportedLocationY>
			<ReportedLocationZ type="NumericalFieldStatusValid">0</ReportedLocationZ>
			<Content>Non-Ambulatory Victim, Triage Level 3 (1)</Content>
			<Title>Non-Ambulatory Victim, Triage Level 3 (1)</Title>
			<Details>Respirations per minute: Unknown</Details>
			<Details>Pulse: Unknown</Details>
			<Details>Mental test results: Unknown</Details>
			<Details>Bleeding status: Unknown</Details>
			<Time type="NumericalFieldStatusValid">10333</Time>
		</Object>
		
		<!-- victimTL4Nonamb 1 -->
		<Object type="HumanTypeVictim">
			<SubType>victimTL4Nonamb</SubType>
			<Division>EMS</Division>
			<Announcement type="true">0</Announcement>
			<Detectable>true</Detectable>
			<UsesGVA>true</UsesGVA>
			<PredeterminedImportance type="NumericalFieldStatusValid">0.0</PredeterminedImportance>
			<RequiresClassification type="false"></RequiresClassification>
			<LocationX type="NumericalFieldStatusValid">36.1630033</LocationX>
			<LocationY type="NumericalFieldStatusValid">-86.7743</LocationY>
			<LocationZ type="NumericalFieldStatusValid">0</LocationZ>
			<Heading>HeadingUnknown</Heading>
			<Velocity type="NumericalFieldStatusValid">0</Velocity>
			<GroupingId>1114</GroupingId>
			<GroupingColor>#3D3D3D</GroupingColor>
			<ImageFile>images/victimtriagelevel4nonambulatory.png</ImageFile>
			<TimeReported type="NumericalFieldStatusValid">0</TimeReported>
			<ReportedLocationX type="NumericalFieldStatusValid">36.1630033</ReportedLocationX>
			<ReportedLocationY type="NumericalFieldStatusValid">-86.774592</ReportedLocationY>
			<ReportedLocationZ type="NumericalFieldStatusValid">0</ReportedLocationZ>
			<Content>Non-Ambulatory Victim, Triage Level 4 (1)</Content>
			<Title>Non-Ambulatory Victim, Triage Level 4 (1)</Title>
			<Details>Respirations per minute: Unknown</Details>
			<Details>Pulse: Unknown</Details>
			<Details>Mental test results: Unknown</Details>
			<Details>Bleeding status: Unknown</Details>
			<Time type="NumericalFieldStatusValid">10333</Time>
		</Object>
		
		<!-- victimTL4Nonamb 2 -->
		<Object type="HumanTypeVictim">
			<SubType>victimTL4Nonamb</SubType>
			<Division>EMS</Division>
			<Announcement type="true">0</Announcement>
			<Detectable>true</Detectable>
			<UsesGVA>true</UsesGVA>
			<PredeterminedImportance type="NumericalFieldStatusValid">0.0</PredeterminedImportance>
			<RequiresClassification type="false"></RequiresClassification>
			<LocationX type="NumericalFieldStatusValid">36.163833</LocationX>
			<LocationY type="NumericalFieldStatusValid">-86.774905</LocationY>
			<LocationZ type="NumericalFieldStatusValid">0</LocationZ>
			<Heading>HeadingUnknown</Heading>
			<Velocity type="NumericalFieldStatusValid">0</Velocity>
			<GroupingId>1114</GroupingId>
			<GroupingColor>#3D3D3D</GroupingColor>
			<ImageFile>images/victimtriagelevel4nonambulatory.png</ImageFile>
			<TimeReported type="NumericalFieldStatusValid">0</TimeReported>
			<ReportedLocationX type="NumericalFieldStatusValid">36.1630033</ReportedLocationX>
			<ReportedLocationY type="NumericalFieldStatusValid">-86.774592</ReportedLocationY>
			<ReportedLocationZ type="NumericalFieldStatusValid">0</ReportedLocationZ>
			<Content>Non-Ambulatory Victim, Triage Level 4 (2)</Content>
			<Title>Non-Ambulatory Victim, Triage Level 4 (2)</Title>
			<Details>Respirations per minute: Unknown</Details>
			<Details>Pulse: Unknown</Details>
			<Details>Mental test results: Unknown</Details>
			<Details>Bleeding status: Unknown</Details>
			<Time type="NumericalFieldStatusValid">10333</Time>
		</Object>
		
		<!-- victimTL4Nonamb 3 -->
		<Object type="HumanTypeVictim">
			<SubType>victimTL4Nonamb</SubType>
			<Division>EMS</Division>
			<Announcement type="true">0</Announcement>
			<Detectable>true</Detectable>
			<UsesGVA>true</UsesGVA>
			<PredeterminedImportance type="NumericalFieldStatusValid">0.0</PredeterminedImportance>
			<RequiresClassification type="false"></RequiresClassification>
			<LocationX type="NumericalFieldStatusValid">36.163713</LocationX>
			<LocationY type="NumericalFieldStatusValid">-86.775015</LocationY>
			<LocationZ type="NumericalFieldStatusValid">0</LocationZ>
			<Heading>HeadingUnknown</Heading>
			<Velocity type="NumericalFieldStatusValid">0</Velocity>
			<GroupingId>1114</GroupingId>
			<GroupingColor>#3D3D3D</GroupingColor>
			<ImageFile>images/victimtriagelevel4nonambulatory.png</ImageFile>
			<TimeReported type="NumericalFieldStatusValid">0</TimeReported>
			<ReportedLocationX type="NumericalFieldStatusValid">36.1630033</ReportedLocationX>
			<ReportedLocationY type="NumericalFieldStatusValid">-86.774592</ReportedLocationY>
			<ReportedLocationZ type="NumericalFieldStatusValid">0</ReportedLocationZ>
			<Content>Non-Ambulatory Victim, Triage Level 4 (3)</Content>
			<Title>Non-Ambulatory Victim, Triage Level 4 (3)</Title>
			<Details>Respirations per minute: Unknown</Details>
			<Details>Pulse: Unknown</Details>
			<Details>Mental test results: Unknown</Details>
			<Details>Bleeding status: Unknown</Details>
			<Time type="NumericalFieldStatusValid">10333</Time>
		</Object>
		
		<!-- victimTL4Nonamb 4 -->
		<Object type="HumanTypeVictim">
			<SubType>victimTL4Nonamb</SubType>
			<Division>EMS</Division>
			<Announcement type="true">0</Announcement>
			<Detectable>true</Detectable>
			<UsesGVA>true</UsesGVA>
			<PredeterminedImportance type="NumericalFieldStatusValid">0.0</PredeterminedImportance>
			<RequiresClassification type="false"></RequiresClassification>
			<LocationX type="NumericalFieldStatusValid">36.16371</LocationX>
			<LocationY type="NumericalFieldStatusValid">-86.774897</LocationY>
			<LocationZ type="NumericalFieldStatusValid">0</LocationZ>
			<Heading>HeadingUnknown</Heading>
			<Velocity type="NumericalFieldStatusValid">0</Velocity>
			<GroupingId>1114</GroupingId>
			<GroupingColor>#3D3D3D</GroupingColor>
			<ImageFile>images/victimtriagelevel4nonambulatory.png</ImageFile>
			<TimeReported type="NumericalFieldStatusValid">0</TimeReported>
			<ReportedLocationX type="NumericalFieldStatusValid">36.1630033</ReportedLocationX>
			<ReportedLocationY type="NumericalFieldStatusValid">-86.774592</ReportedLocationY>
			<ReportedLocationZ type="NumericalFieldStatusValid">0</ReportedLocationZ>
			<Content>Non-Ambulatory Victim, Triage Level 4 (4)</Content>
			<Title>Non-Ambulatory Victim, Triage Level 4 (4)</Title>
			<Details>Respirations per minute: Unknown</Details>
			<Details>Pulse: Unknown</Details>
			<Details>Mental test results: Unknown</Details>
			<Details>Bleeding status: Unknown</Details>
			<Time type="NumericalFieldStatusValid">10333</Time>
		</Object>
		
		<!-- victimTL4Nonamb 5 -->
		<Object type="HumanTypeVictim">
			<SubType>victimTL4Nonamb</SubType>
			<Division>EMS</Division>
			<Announcement type="true">0</Announcement>
			<Detectable>true</Detectable>
			<UsesGVA>true</UsesGVA>
			<PredeterminedImportance type="NumericalFieldStatusValid">0.0</PredeterminedImportance>
			<RequiresClassification type="false"></RequiresClassification>
			<LocationX type="NumericalFieldStatusValid">36.163852</LocationX>
			<LocationY type="NumericalFieldStatusValid">-86.775048</LocationY>
			<LocationZ type="NumericalFieldStatusValid">0</LocationZ>
			<Heading>HeadingUnknown</Heading>
			<Velocity type="NumericalFieldStatusValid">0</Velocity>
			<GroupingId>1114</GroupingId>
			<GroupingColor>#3D3D3D</GroupingColor>
			<ImageFile>images/victimtriagelevel4nonambulatory.png</ImageFile>
			<TimeReported type="NumericalFieldStatusValid">0</TimeReported>
			<ReportedLocationX type="NumericalFieldStatusValid">36.1630033</ReportedLocationX>
			<ReportedLocationY type="NumericalFieldStatusValid">-86.774592</ReportedLocationY>
			<ReportedLocationZ type="NumericalFieldStatusValid">0</ReportedLocationZ>
			<Content>Non-Ambulatory Victim, Triage Level 4 (5)</Content>
			<Title>Non-Ambulatory Victim, Triage Level 4 (5)</Title>
			<Details>Respirations per minute: Unknown</Details>
			<Details>Pulse: Unknown</Details>
			<Details>Mental test results: Unknown</Details>
			<Details>Bleeding status: Unknown</Details>
			<Time type="NumericalFieldStatusValid">10333</Time>
		</Object>
		
		
		
		
		
		<!-- victimTL5Nonamb 1 -->
		<Object type="HumanTypeVictim">
			<SubType>victimTL5Nonamb</SubType>
			<Division>EMS</Division>
			<Announcement type="true">0</Announcement>
			<Detectable>true</Detectable>
			<UsesGVA>true</UsesGVA>
			<PredeterminedImportance type="NumericalFieldStatusValid">0.0</PredeterminedImportance>
			<RequiresClassification type="false"></RequiresClassification>
			<LocationX type="NumericalFieldStatusValid">36.163416</LocationX>
			<LocationY type="NumericalFieldStatusValid">-86.774903</LocationY>
			<LocationZ type="NumericalFieldStatusValid">0</LocationZ>
			<Heading>HeadingUnknown</Heading>
			<Velocity type="NumericalFieldStatusValid">0</Velocity>
			<GroupingId>1115</GroupingId>
			<GroupingColor>#FFFFFF</GroupingColor>
			<ImageFile>images/victimtriagelevel5nonambulatory.png</ImageFile>
			<TimeReported type="NumericalFieldStatusValid">0</TimeReported>
			<ReportedLocationX type="NumericalFieldStatusValid">36.1630033</ReportedLocationX>
			<ReportedLocationY type="NumericalFieldStatusValid">-86.774592</ReportedLocationY>
			<ReportedLocationZ type="NumericalFieldStatusValid">0</ReportedLocationZ>
			<Content>Non-Ambulatory Victim, Triage Level 5 (1)</Content>
			<Title>Non-Ambulatory Victim, Triage Level 5 (1)</Title>
			<Details>Respirations per minute: Unknown</Details>
			<Details>Pulse: Unknown</Details>
			<Details>Mental test results: Unknown</Details>
			<Details>Bleeding status: Unknown</Details>
			<Time type="NumericalFieldStatusValid">10333</Time>
		</Object>
		
		
	</Objects>
  
  
</Configuration>